3OH!3#dance pop, electropowerpop, emo, pop, pop punk, pop rap, post-teen pop
68#mathcore, progressive post-hardcore
5606#No genre data
A+ Dropouts#No artist data
Aaron West and the Roaring Twenties#alternative emo, anthem emo, pop punk
Abriel#No genre data
The Acacia Strain#christian hardcore, death core, djent, mathcore, melodic metalcore, metalcore, progressive deathcore, rap metal, screamo
The Academy Is...#dreamo, emo, pop emo, pop punk, screamo
A Day to Remember#metalcore, pixie, pop punk, screamo
Adolescents#crossover thrash, hardcore punk, melodic hardcore, oi, punk, ska punk, skate punk
After the Burial#death core, djent, groove metal, mathcore, melodic metalcore, metalcore, rap metal, screamo
Against the Current#pixie, pop emo, pop punk, post-teen pop, viral pop
Agent Orange#crossover thrash, hardcore punk, punk, ska punk, skate punk
Aiden#emo, horror punk, metalcore, screamo
The Alarm#dance rock, indie christmas, jangle pop, new romantic, new wave, new wave pop, power pop, welsh rock
Alesana#emo, metalcore, pixie, pop punk, post-hardcore, screamo
Alestorm#comic, folk metal, metal, power metal, progressive metal, speed metal
Alive Like Me#pixie, post-screamo
Alkaline Trio#emo, melodic hardcore, pop punk, pop rock, punk, screamo, skate punk
The All-American Rejects#emo, neo mellow, pop, pop punk, pop rock, post-grunge
All That Remains#alternative metal, groove metal, melodic metalcore, metalcore, nu metal, post-grunge, rap metal, rap rock, screamo
All Time Low#pixie, pop, pop punk, post-teen pop, punk christmas, teen pop
Allister#emo, pop punk, punk, skate punk
Allstar Weekend#alternative pop rock, pop, post-teen pop, teen pop, viral pop
The Almost#christian alternative rock, christian christmas, christian metal, christian rock, dreamo, emo, pop punk, punk christmas, screamo
Alvarez Kings#sheffield indie
AM Taxi#No genre data
Amazing Royal Crowns#deep psychobilly
Amber Pacific#emo, piano rock, pop emo, pop punk, screamo
Amely#alternative pop rock, pop emo, pop punk, punk christmas
American Authors#brooklyn indie, indie poptimism, neo mellow, pop, pop rock
American Opera#No genre data
American Pinup#No genre data
American Sixgun#modern southern rock
The Amity Affliction#metalcore, pixie, post-screamo, screamo
Amory#No genre data
Amplify This#triangle indie
Amyst#No genre data
A.N.I.M.A.L.#alternative dance, alternative rock, anti-folk, chamber pop, chillwave, dance-punk, dream pop, escape room, experimental rock, folk-pop, freak folk, indie folk, indie pop, indie r&b, indie rock, indietronica, lo-fi, neo-psychedelic, new rave, noise pop, noise rock, nu gaze, post rock, shimmer pop, synthpop
Anarbor#emo, pixie, pop emo, pop punk, punk christmas
Anberlin#alternative metal, christian alternative rock, christian christmas, christian rock, dreamo, emo, nu metal, pop punk, pop rock, post-grunge, punk christmas, screamo
And I've Landed#No genre data
Andrew W.K.#comic, pop punk
Andy Black#pixie, pop punk
Angels & Airwaves#emo, pop rock, post-grunge, space rock
Angry Samoans#crossover thrash, hardcore punk, punk
Animo#No genre data
Anthony Raneri of Bayside#No artist data
Anthrophobia#No genre data
Anti-Flag#melodic hardcore, pop punk, punk, ska punk, skate punk
Antiserum#No genre data
April Chase#No genre data
Assuming We Survive#anthem emo, pixie
The Aquabats#comic, punk, ska, ska punk, skate punk
Architects#mathcore, melodic metalcore, metalcore, rap metal, screamo
Armor for Sleep#dreamo, emo, pop punk, post-hardcore, progressive post-hardcore, screamo
The Arrogant Sons of Bitches#folk punk, ska, ska punk
Artist Vs Poet#alternative pop rock, indie rockism, pixie, pop emo, pop punk, punk christmas
As Cities Burn#christian hardcore, christian metal, christian punk, dreamo, metalcore, post-hardcore, progressive post-hardcore, screamo
Ascot Royals#anthem emo
As I Lay Dying#alternative metal, christian metal, death core, groove metal, melodic death metal, melodic metalcore, metalcore, nu metal, rap metal, screamo
As It Is#anthem emo, pixie, pop emo, pop punk
As Tall as Lions#dreamo, progressive post-hardcore
Asking Alexandria#alternative metal, melodic metalcore, metalcore, pixie, pop punk, rap metal, screamo
Assorted Jelly Beans#crack rock steady, punk, ska, ska punk, skate punk
The Ataris#emo, melodic hardcore, pop punk, pop rock, punk, skate punk
A Thorn for Every Heart#screamo
Atmosphere#alternative hip hop, hip hop, pop rap, underground pop rap
Atomic Fireballs#swing, traditional swing
Atreyu#alternative metal, emo, groove metal, melodic metalcore, metalcore, nu metal, pop punk, post-grunge, rap metal, rap rock, screamo
Attack Attack!#downtempo, electronic, nu jazz, trip hop
Attila#death core, melodic metalcore, metalcore, pixie, rap metal, screamo
The Audition#dreamo, emo, pop emo, pop punk, screamo
August Burns Red#christian christmas, christian metal, death core, heavy christmas, melodic metalcore, metalcore, pop christmas, punk christmas, rap metal, screamo
Authority Zero#melodic hardcore, pop punk, punk, reggae rock, ska, ska punk, skate punk
The Automatic#No genre data
Automatic Love Letter#No artist data
Avail#melodic hardcore, orgcore, punk, skate punk
Avenged Sevenfold#alternative metal, alternative rock, nu metal, pop punk, post-grunge, rock
Avion Roe#pixie, pop emo
A Wilhelm Scream#alternative emo, emo, melodic hardcore, orgcore, pop punk, punk, skate punk
Baby Baby#No genre data
Bad Cop / Bad Cop#power-pop punk, skate punk
Bad Rabbits#boston rock
Bad Religion#alternative rock, funk rock, melodic hardcore, pop punk, punk, punk christmas, rock, skate punk
Bad Omens#metalcore, pixie, post-screamo, screamo
Bad Seed Rising#pixie, pop emo, post-screamo
The Ballroom Charades#No artist data
Ballyhoo!#reggae rock
Bangups#No genre data
Barb Wire Dolls#No genre data
Bayside#alternative emo, anthem emo, dreamo, emo, pop punk, post-hardcore, screamo
Beacher's Madhouse#No artist data
Beartooth#columbus ohio indie, emo, metalcore, pixie, pop punk, rap metal, screamo
Beatsteaks#deep german pop rock, german hip hop, german indie, german pop, german punk, reggae fusion
Beat Union#No genre data
Beautiful Bodies#pixie, pop emo
Bebe Rexha#dance pop, edm, pop, post-teen pop, tropical house
Beck#alternative rock, anti-folk, classic rock, electronic, folk christmas, funk rock, garage rock, indie christmas, indie pop, indie rock, neo-psychedelic, permanent wave, pop rock, rock, singer-songwriter
Bedouin Soundclash#reggae rock
Beebs and Her Money Makers#No genre data
Being As An Ocean#alternative emo, anthem emo, metalcore, pixie, screamo
Between the Trees#alternative pop rock, dreamo, emo, piano rock, pop emo, pop punk
Beware Of Darkness#No genre data
Be Your Own Pet#dance-punk, garage rock, riot grrrl
Bif Naked#canadian indie, candy pop, lilith
Biffy Clyro#garage rock, indie rock, rock, scottish rock
Big B#east coast hip hop, gangster rap, hardcore hip hop, hip hop, pop rap, rap, southern hip hop
Big Chocolate#death core, electronic trap
Big D and the Kids Table#folk punk, punk, punk christmas, ska, ska punk, skate punk
Big Drill Car#No genre data
Bi-Level#No genre data
Billy Idol#album rock, classic rock, dance rock, glam metal, hard rock, heavy christmas, mellow gold, new romantic, new wave, new wave pop, rock, soft rock, synthpop
Billy Talent#alternative metal, emo, nu metal, pop punk, post-grunge, punk
Black Boots#No genre data
Black Box#disco house, eurodance, europop, hip house, vocal house
The Black Dahlia Murder#death core, death metal, deathgrind, djent, groove metal, mathcore, melodic death metal, melodic metalcore, metal, metalcore, technical death metal
The Black Eyed Peas#dance pop, pop, pop rap, post-teen pop
Blackfire#No genre data
The Black Pacific#melodic hardcore, skate punk
Black Square#punk ska
Black Tide#groove metal, melodic metalcore, metalcore
Blacklist Royals#alternative roots rock, orgcore
Black President#No genre data
Black Veil Brides#alternative metal, emo, metalcore, pixie, pop punk, rap metal, screamo
Blas√© Debris#No genre data
The Bled#mathcore, melodic metalcore, metalcore, post-hardcore, progressive post-hardcore, screamo
The Bleeding Irish#celtic punk
Bleeding Orange#No artist data
Bleeding Through#christian hardcore, christian metal, death core, groove metal, melodic metalcore, metalcore, nu metal, rap metal
Bleed the Dream#punk christmas, screamo
Blessthefall#melodic metalcore, metalcore, pixie, post-screamo, rap metal, screamo
Blink-182#heavy christmas, pop punk, punk, punk christmas
Blood on the Dance Floor#electropowerpop, pixie, screamo
Bombay Cowtippers#No artist data
Born Cages#indie poptimism, indie psych-rock, indie rockism
Born of Osiris#death core, djent, groove metal, mathcore, melodic metalcore, metalcore, rap metal, screamo
Boston Manor#alternative emo, anthem emo, pixie, pop punk
The BOTS#No genre data
Bouncing Souls#emo, melodic hardcore, pop punk, punk, ska, ska punk, skate punk
Bowling for Soup#comic, emo, heavy christmas, pop punk, pop rock, post-grunge, punk, punk christmas, skate punk
Box Car Racer#emo, pop punk, punk, screamo, skate punk
BoyMeetsWorld#anthem emo
Boysetsfire#melodic hardcore, skate punk
Boys Like Girls#emo, neo mellow, pixie, pop, pop emo, pop punk, pop rock, post-teen pop, viral pop
Boys Night Out#alternative emo, dreamo, emo, melodic hardcore, pop punk, post-hardcore, progressive post-hardcore, screamo
Brand New#alternative emo, emo, pop punk, pop rock, screamo
Brass Tackz#No genre data
Breathe Carolina#big room, deep big room, edm, electro house, electropowerpop, emo, pixie, pop punk, progressive electro house, punk christmas, screamo
Breathe Electric#alternative pop rock, electropowerpop
Brian Marquis#No genre data
Britt Black#No artist data
The Briggs#celtic punk, heavy christmas, melodic hardcore, oi, punk, punk christmas, ska punk, skate punk
Bring Me The Horizon#alternative metal, metalcore, pixie, pop punk, screamo
Broadway Calls#alternative emo, melodic hardcore, orgcore, pop punk
Broadside#alternative emo, anthem emo, pixie, pop emo, pop punk
BrokeNCYDE#electropowerpop, pixie, screamo
The Bronx#garage rock, melodic hardcore, post-hardcore, punk, skate punk
Brothers Of Brazil#brazilian punk, rock gaucho
Buck-O-Nine#ska, ska punk, skate punk
Buffalo Casket#No artist data
Bullet For My Valentine#alternative metal, groove metal, melodic metalcore, metalcore, nu metal, pop punk, post-grunge, rap metal, rap rock, screamo
The Bunny The Bear#electropowerpop, pixie, post-post-hardcore, post-screamo, screamo
Burning Empires#No artist data
Buttons#No genre data
Call the Cops#alternative pop rock, electropowerpop
Callback California#No artist data
Campaigning For Zeros#No genre data
Candiria#jazz metal, mathcore, metalcore, rap metal, rap rock
Candy Hearts#alternative emo, candy pop, power-pop punk
Cane Hill#No genre data
Capsize#alternative emo, anthem emo, progressive post-hardcore
Captain Capa#electropunk, german indie
Carnifex#death core, melodic metalcore, metalcore, progressive deathcore, technical death metal
Carousel Kings#alternative emo, anthem emo, deep pop punk, pixie, pop emo, pop punk, post-screamo
Cartel#latin hip hop
Casket Architects#No genre data
The Casualties#crossover thrash, hardcore punk, oi, punk, ska punk, skate punk
CatchingYourClouds#alternative pop rock, pixie
Champagne Champagne#classic funk rock, disco, funk, funk rock, motown, post-disco, quiet storm, soul, urban contemporary
Charged GBH#brazilian punk, crossover thrash, hardcore punk, oi, punk, ska punk, skate punk
The Chariot#chaotic hardcore, christian hardcore, christian metal, dreamo, mathcore, melodic metalcore, metalcore, progressive post-hardcore, screamo
Charlotte Sometimes#acoustic pop, candy pop, deep talent show, folk-pop, lilith
Chase Long Beach#ska, ska punk
Chase Walker Band#No genre data
Chelsea Grin#death core, melodic metalcore, metalcore, rap metal, screamo
Cherri Bomb#No genre data
Cherry Poppin' Daddies#ska, ska punk, swing, traditional swing
Chiodos#emo, metalcore, pop punk, post-hardcore, progressive post-hardcore, screamo
The Chop Tops#deep psychobilly, psychobilly, rockabilly
Chuck Ragan of Hot Water Music#No artist data
Chunk! No, Captain Chunk#anthem emo, emo, metalcore, pixie, pop emo, pop punk, post-screamo, screamo
ChrisB#No genre data
Cinder Road#grunge pop, hard alternative
Cinematic Sunrise#emo, piano rock, pop emo, pop punk
Circa Survive#alternative emo, dreamo, emo, pop punk, post-hardcore, progressive post-hardcore, screamo
Circle Jerks#crossover thrash, funk rock, grunge, hardcore, hardcore punk, oi, punk, ska punk, skate punk
Citizen#neo mellow, pop rock
Citizen X#No genre data
CIV#hardcore, melodic hardcore, skate punk, straight edge
TheCityShakeUp#No artist data
CKY#alternative metal, groove metal, heavy christmas, industrial metal, metalcore, nu metal, post-grunge, rap metal, rap rock
The Classic Crime#christian alternative rock, christian rock, dreamo, indie rockism
The Cleopatra Complex#No genre data
Close Your Eyes#christian hardcore, christian metal, metalcore, screamo
Closure in Moscow#dreamo, progressive post-hardcore, screamo
Cobra Starship#dance pop, emo, pop, pop punk, pop rap, pop rock, post-teen pop
Coheed and Cambria#alternative metal, emo, pop punk, screamo
Coldrain#j-metal, post-screamo
Cold Forty Three#No genre data
Cold Fusion#martial industrial, neofolk
The Color Fred#dreamo, emo, pop punk
The Color Morale#melodic metalcore, metalcore, pixie, post-screamo, progressive post-hardcore, screamo
Columbyne#No genre data
The Confession#melodic metalcore, metalcore
Confide#metalcore, progressive post-hardcore, screamo
Continental#tico
The Constellations#No genre data
Counterparts#alternative emo, anthem emo, canadian metal, death core, deep melodic metalcore, melodic hardcore, metalcore, progressive post-hardcore, screamo
Courage My Love#metropopolis, pixie, pop emo
Corrin Campbell#No genre data
Crashcarburn#deep pop emo, pop emo
Creeper#alt-indie rock, pixie
Crime in Stereo#alternative emo, emo, melodic hardcore, pop punk, straight edge
Crizzly#brostep, electronic trap
Crossfaith#j-metal, j-rock, metalcore, screamo
Crown the Empire#metalcore, pixie, pop punk, post-post-hardcore, post-screamo, punk christmas, screamo
Crowned King#No genre data
Cruel Hand#alternative emo, chaotic hardcore, hardcore, melodic hardcore, straight edge
Culture Shock Camp#No artist data
Cursed Sails#No genre data
Cute Is What We Aim For#emo, pixie, pop emo, pop punk, pop rock, screamo
D12#crunk, detroit hip hop, dirty south rap, gangster rap, hardcore hip hop, hip hop, pop rap, rap, southern hip hop
The Damned#alternative rock, dance rock, experimental rock, garage rock, gothic rock, hardcore punk, new wave, new wave pop, post-punk, power pop, pub rock, punk, punk blues, uk post-punk
Dance Gavin Dance#emo, metalcore, pixie, pop punk, progressive post-hardcore, screamo
Dance Hall Crashers#ska, ska punk, skate punk
The Dance Party#No genre data
Dangerkids#pixie, post-screamo, screamo
Danger Radio#alternative pop rock, pop emo
The Dangerous Summer#alternative emo, anthem emo, dreamo, emo, pixie, pop emo, pop punk
Danielle Barbe#deep indie singer-songwriter
Dante#tropical house
Darkest Hour#alternative metal, christian metal, death core, djent, groove metal, mathcore, melodic death metal, melodic metalcore, metalcore, nu metal
The Darlings#columbus ohio indie
Dash | Ten#No genre data
DC Fallout#fast melodic punk
Dead Cat Lounge#No genre data
Dead Legend#No genre data
Dead Sara#No genre data
The Dear & Departed#No genre data
Dear and the Headlights#dreamo, pop punk, progressive post-hardcore
Defeater#alternative emo, anthem emo, chaotic hardcore, melodic hardcore, pop punk, screamo
Deftones#alternative metal, alternative rock, funk rock, groove metal, nu metal, post-grunge, rap metal, rap rock, rock
Demerit#chinese indie rock, street punk
Descendents#alternative rock, emo, hardcore punk, pop punk, punk, ska punk, skate punk
Deviates#melodic hardcore, punk, skate punk
The Devil Wears Prada#christian metal, death core, melodic metalcore, metalcore, rap metal, screamo
Desperation Squad#No genre data
D.I.#bolero, latin pop, romantico
Dick Dale#rockabilly, surf music
The Dickies#crossover thrash, hardcore punk, heavy christmas, oi, power-pop punk, pub rock, punk, punk christmas, skate punk
Die' Hunns#oi
Die Toten Hosen#deep german pop rock, german pop, german punk
The Dillinger Escape Plan#alternative metal, death core, djent, funk rock, groove metal, jazz metal, mathcore, melodic metalcore, metalcore, nu metal, post-hardcore, post-metal, sludge metal
The Dirty Nil#indie punk
Disco Ensemble#suomi rock
District 7#No genre data
Divided By Friday#alternative pop rock, pixie, pop emo, punk christmas
DJ Nicola Bear#No artist data
DJ Scout#No genre data
Dodger#No genre data
Does It Offend You, Yeah?#alternative dance, dance-punk, electroclash, indietronica, new rave, synthpop
Doll Skin#No genre data
Doozer#No genre data
Double XL#No genre data
Down by Law#melodic hardcore, power-pop punk, punk, skate punk
Drama Club#grunge pop, post-screamo
Dr. Madd Vibe#No genre data
Dr. Manhattan#No genre data
Drive A#metalcore, pixie, pop emo, post-screamo, screamo
Driver Friendly#No genre data
Drop Dead, Gorgeous#metalcore, nintendocore, post-hardcore, progressive post-hardcore, screamo
Dropkick Murphys#boston rock, celtic punk, celtic rock, pop punk, punk, skate punk
D.R.U.G.S.#alternative rock, chamber pop, chillwave, dream pop, folk-pop, freak folk, indie folk, indie pop, indie rock, indietronica, neo-psychedelic, noise pop, roots rock, singer-songwriter, stomp and holler
Dose Of Adolescence#No genre data
The Dukes#alternative country, country rock, folk, folk rock, mellow gold, new americana, outlaw country, rock, roots rock, singer-songwriter, southern rock, texas country, traditional country, traditional folk
Dustin Jones and the Rising Tide#No genre data
The Early November#alternative emo, anthem emo, dreamo, emo, pop punk, post-hardcore, screamo
Echo Movement#reggae rock
Echosmith#neo mellow, pop, pop christmas, viral pop
Eden Row#No artist data
Edreys#No genre data
Eighteen Visions#christian hardcore, mathcore, melodic metalcore, metalcore
Eightyonedays#No genre data
Electric Touch#lo star, piano rock
Eli Olsberg#No genre data
Emarosa#emo, metalcore, pixie, pop punk, post-hardcore, progressive post-hardcore, screamo
Emery#big room, deep big room, edm, electro house, progressive electro house, progressive house, progressive trance, trance, tropical house, uplifting trance
Emilie Autumn#cello, dark cabaret, steampunk, symphonic metal
Emily's Army#No genre data
Eminem#detroit hip hop, g funk, hip hop, pop rap, rap
Emmure#death core, groove metal, melodic metalcore, metalcore, nu metal, rap metal, screamo
Enough Already#No artist data
Enter Shikari#alternative metal, emo, metalcore, nintendocore, nu metal, pop punk, post-hardcore, rap metal, screamo
Entice#No genre data
Envy On The Coast#dreamo, emo, pop punk, progressive post-hardcore, screamo
Escape The Fate#alternative metal, emo, metalcore, pixie, pop punk, post-grunge, rap metal, screamo
Esham#detroit hip hop, horrorcore
Eternal Boy#No genre data
Evaline#dreamo
Evelynn#No artist data
Evergreen Terrace#christian hardcore, death core, melodic hardcore, melodic metalcore, metalcore
Every Avenue#alternative pop rock, emo, pixie, pop emo, pop punk
Every Time I Die#chaotic hardcore, dreamo, emo, mathcore, melodic metalcore, metalcore, pop punk, post-hardcore, progressive post-hardcore, screamo
The Expendables#reggae rock
The Exposed#No genre data
Eyes Set To Kill#melodic metalcore, metalcore, pixie, pop emo, screamo
The Fabulous Rudies#No genre data
Face to Face#emo, melodic hardcore, pop punk, punk, ska punk, skate punk
Face The King#No genre data
Fall From Grace#No genre data
The Fall of Troy#mathcore, metalcore, nintendocore, post-hardcore, progressive post-hardcore, screamo
Fall Out Boy#emo, pop punk
Falling In Reverse#metalcore, pixie, pop punk, rap metal, screamo
Falling Through April#No genre data
False Puppet#No artist data
Family Force 5#ccm, christian alternative rock, christian christmas, christian hip hop, christian music, christian rock
The Fantastic Plastics#No genre data
Farewell#anthem emo, pixie
Farewell Winters#No artist data
Fear#alternative metal, death metal, funk rock, groove metal, industrial metal, industrial rock, latin metal, melodic death metal, melodic metalcore, metal, nu metal, post-grunge, progressive metal, rap metal, rap rock, rock, speed metal, thrash metal
Fear Before the March of Flames#dreamo, mathcore, metalcore, nintendocore, post-hardcore, progressive post-hardcore, screamo
Fear Nuttin' Band#rap metal, rap metalcore, rap rock
Feeki#deep underground hip hop, redneck, underground pop rap
Fenix TX#emo, pop punk, punk, ska punk, skate punk
The Figgs#jangle pop, power pop
The Fight#hard alternative, post-screamo
Fight Fair#alternative emo, deep pop punk, pop punk
Fight Fight Fight#alternative emo, anthem emo, emo, indie punk, melodic hardcore, pop punk, screamo
The Fighting Jacks#No artist data
Final Summation#No genre data
Finch#No genre data
Fire From The Gods#post-screamo
Fireworks#alternative emo, punk christmas
First To Eleven#post-screamo
Fishbone#funk metal, funk rock, rap rock, ska, ska punk
Fit For a King#death core, melodic metalcore, metalcore, post-screamo, rap metal, screamo
Five Iron Frenzy#christian alternative rock, christian punk, christian rock, ska, ska punk
Five Knives#No genre data
The F-Ups#pop punk
The Flatliners#alternative emo, folk punk, melodic hardcore, orgcore, pop punk, punk, ska, ska punk, skate punk
Flogging Molly#bow pop, celtic punk, celtic rock, comic, pop punk, punk, skate punk
Florence#folk-pop, indie pop, pop
Fluf#alternative pop
The Fold#antiviral pop, christian alternative rock, christian christmas, christian rock, dreamo
For All Those Sleeping#metalcore, pixie, post-screamo, punk christmas, screamo
For The Foxes#electropowerpop, indie rockism
For Today#christian hardcore, christian metal, death core, melodic metalcore, metalcore, screamo
Forever Came Calling#alternative emo, anthem emo, pixie, pop emo, pop punk
Forever The Sickest Kids#alternative pop rock, electropowerpop, emo, pixie, pop emo, pop punk, punk christmas, screamo
Forget Me In Vegas#pop emo
Four Year Strong#alternative emo, anthem emo, emo, melodic hardcore, metalcore, pixie, pop emo, pop punk, punk, screamo, skate punk
Foxy Shazam#piano rock
Freshman 15#deep pop punk, pop punk
From Ashes To New#alternative metal, nu metal, post-grunge, post-screamo, rap metal, rap rock
From Autumn to Ashes#emo, melodic metalcore, metalcore, post-hardcore, screamo
From First to Last#emo, melodic metalcore, metalcore, pixie, pop punk, post-hardcore, progressive post-hardcore, punk christmas, screamo
Fu Manchu#alternative metal, doom metal, funk rock, garage rock, grunge, neo-psychedelic, psychedelic doom, retro metal, sludge metal, stoner metal, stoner rock
Funeral for a Friend#british alternative rock, emo, metalcore, pop punk, post-hardcore, punk christmas, screamo
Funeral Party#dance-punk, new rave
Futuristic#deep underground hip hop, dwn trap, pop rap, rap, underground pop rap
G-Eazy#pop rap, rap, underground pop rap
Gabe Kubanda#No genre data
Gallows#british alternative rock, chaotic hardcore, melodic hardcore
Gaslight Anthem#melodic hardcore, pop punk, punk, skate punk
Gatsby's American Dream#No artist data
GBH#brazilian punk, crossover thrash, hardcore punk, oi, punk, ska punk, skate punk
Germs#hardcore punk, punk
Get Scared#emo, metalcore, otacore, pixie, pop punk, post-screamo, screamo
The Get Up Kids#alternative emo, alternative rock, dreamo, emo, emo punk, indie pop, indie rock, melodic hardcore, pop punk, pop rock, post-hardcore, punk, skate punk
The Ghost Inside#death core, melodic metalcore, metalcore, rap metal, screamo
Ghost Town#pixie, screamo
Gideon#christian hardcore, christian metal, death core, deep melodic metalcore, melodic metalcore, metalcore, progressive deathcore, screamo
Gil Mantera's Party Dream#No genre data
The Gilligans#No genre data
Gin Wigmore#kiwi rock
Glassjaw#alternative metal, dreamo, emo, mathcore, metalcore, nu metal, pop punk, post-hardcore, progressive post-hardcore, screamo
Go Crash Audio#No artist data
Go Jimmy Go#punk christmas, ska, ska punk, ska revival, traditional ska
Go Radio#alternative pop rock, emo, pixie, pop emo, pop punk, punk christmas
Gob#canadian indie, pop punk, punk, skate punk
Godsmack#alternative metal, alternative rock, groove metal, nu metal, post-grunge, rap metal, rap rock, rock
Gogol Bordello#garage rock
Going Second#No genre data
Goldfinger#heavy christmas, pop punk, pop rock, post-grunge, punk, punk christmas, ska, ska punk, skate punk
Goldhouse#indie poptimism
Good Charlotte#alternative metal, emo, pop punk, pop rock, post-grunge, punk
Good Guys In Black#No genre data
Good Riddance#hardcore punk, melodic hardcore, orgcore, pop punk, punk, ska punk, skate punk
The Goodwill#No genre data
The Gospel Youth#anthem emo, pixie
The Graduate#dreamo
Gratitude#emo, grunge pop
Greek Fire#No genre data
Greeley Estates#metalcore, post-hardcore, progressive post-hardcore, screamo
The Green#polynesian pop, reggae rock
Green Day#alternative rock, permanent wave, pop punk, pop rock, punk, rock
Greg Wood#guitar case
Grey Gordon#anthem emo
Grieves with Budo#No artist data
The Gufs#grunge pop
Guttermouth#hardcore punk, melodic hardcore, pop punk, punk, ska, ska punk, skate punk
Gwar#alternative metal, comic, crossover thrash, funk rock, groove metal, industrial metal, industrial rock, metal, nu metal, rap rock, speed metal, thrash metal
Gym Class Heroes#dance pop, emo, pop, pop punk, pop rap
Hail the Sun#dreamo, progressive post-hardcore, screamo
Halifax#No genre data
Handguns#alternative emo, anthem emo, melodic hardcore, pixie, pop emo, pop punk
Hands Like Houses#metalcore, pixie, post-screamo, progressive post-hardcore, screamo
Haste the Day#christian christmas, christian hardcore, christian metal, death core, heavy christmas, melodic metalcore, metalcore, punk christmas, screamo
Hatebreed#alternative metal, groove metal, hardcore, industrial metal, melodic metalcore, metal, metalcore, nu metal, rap metal, rap rock
Have Mercy#alternative emo, anthem emo, pixie, pop punk
Hawthorne Heights#alternative metal, emo, metalcore, pixie, pop emo, pop punk, post-hardcore, screamo
Heart To Heart#alternative emo, anthem emo, deep pop punk
He Is Legend#christian metal, dreamo, mathcore, melodic metalcore, metalcore, post-hardcore, progressive post-hardcore, screamo
Hed PE#alternative metal, funk rock, groove metal, industrial metal, nu metal, post-grunge, rap metal, rap rock
The Heirs#No genre data
Hello Beautiful#No genre data
Hellogoodbye#emo, indie christmas, indie pop, pop emo, pop punk, pop rock, punk christmas
Helmet#alternative metal, alternative rock, funk rock, groove metal, grunge, industrial metal, industrial rock, nu metal, post-grunge, post-hardcore, rap metal, rap rock, space rock, stoner rock
Hepcat#rock steady, ska, ska punk, ska revival, traditional ska
Heritage#dancehall, lovers rock, reggae, reggae fusion, roots reggae
Hey Monday#alternative pop rock, candy pop, emo, pixie, pop emo, pop punk, post-teen pop, punk christmas
HiFi Handgrenades#No artist data
The Higher#emo, pop emo, pop punk
High School Football Heroes#ska, ska punk
Hit the Lights#alternative emo, anthem emo, emo, pixie, pop emo, pop punk, screamo
Home Grown#emo, heavy christmas, pop punk, punk christmas, ska punk, skate punk
Honor Bright#deep pop emo
Hope#choral, classical performance, compositional ambient, minimal, violin
Hopesfall#christian hardcore, mathcore, melodic metalcore, metalcore, post-hardcore, screamo
Horrorpops#horror punk, psychobilly, rockabilly
Hostage Calm#alternative emo, melodic hardcore
Hot Rod Circuit#dreamo, emo, emo punk, pop punk, punk christmas
Hot Water Music#alternative emo, emo, emo punk, folk punk, melodic hardcore, orgcore, pop punk, post-hardcore, punk, ska punk, skate punk
H2O#hardcore, hardcore punk, melodic hardcore, pop punk, punk, ska punk, skate punk, straight edge
The Human Abstract#christian metal, death core, djent, mathcore, melodic metalcore, metalcore
Hundredth#alternative emo, anthem emo, metalcore, screamo, screamocore
Hunter Revenge#No genre data
Hyro Da Hero#british alternative rock
I Am the Avalanche#alternative emo, anthem emo, emo, melodic hardcore, pop punk
I Am Ghost#metalcore, screamo
I Call Fives#alternative emo, anthem emo, pixie, pop punk
I Fight Dragons#antiviral pop, chiptune, comic, nintendocore, otacore, video game music
I Killed The Prom Queen#death core, melodic metalcore, metalcore, screamo
I Prevail#alternative metal, pixie, pop punk, rap metal, screamo
I Set My Friends On Fire#electropowerpop, metalcore, nintendocore, progressive post-hardcore, screamo
I See Stars#emo, metalcore, nintendocore, pixie, pop punk, post-screamo, screamo
I, the Breather#christian hardcore, christian metal, death core, djent, melodic metalcore, metalcore, post-post-hardcore, post-screamo, rap metal, screamo
I the Mighty#bay area indie, dreamo, pixie, post-screamo, progressive post-hardcore, screamo
Ice Nine Kills#metalcore, pixie, pop punk, post-screamo, screamo
Ice-T#chicano rap, gangster rap, hardcore hip hop, hip hop, old school hip hop, rap, west coast rap
Icon For Hire#christian alternative rock, gothic alternative, otacore, pixie, pop emo, post-screamo
illScarlett#canadian indie, punk christmas, reggae rock
Immortal Technique#alternative hip hop, east coast hip hop, gangster rap, hardcore hip hop, hip hop, rap
Impending Doom#christian hardcore, christian metal, death core, melodic metalcore, metalcore, progressive deathcore
In Hearts Awake#No artist data
In this Moment#alternative metal, gothic symphonic metal, melodic metalcore, metalcore, nu metal, post-grunge, rap metal, rap rock
Incubus#alternative metal, alternative rock, funk metal, funk rock, heavy christmas, nu metal, pop christmas, pop rock, post-grunge, rap metal, rock
The Indecent#beats
Indofin#No genre data
InnerPartySystem#electropowerpop
Insomniac#No genre data
The (International) Noise Conspiracy#swedish indie rock
The Interrupters#punk, ska, ska punk, skate punk
Into It. Over It.#alternative emo, anthem emo, chicago indie, dreamo, emo, emo punk, melodic hardcore, pop punk
Ionia#No genre data
Isles#metalcore, progressive post-hardcore, screamo
Issues#emo, metalcore, pixie, pop punk, post-screamo, screamo
It Boys!#alternative pop rock, electropowerpop
It Dies Today#christian christmas, christian hardcore, christian metal, death core, heavy christmas, melodic metalcore, metalcore, punk christmas, screamo
It's Pouring on Our Heads#No artist data
Itch#No genre data
Ivens#No genre data
ivy league#No genre data
Iwrestledabearonce#death core, mathcore, melodic metalcore, metalcore, nintendocore, screamo
Jacky Jasper#No genre data
Jack's Mannequin#dreamo, emo, indie pop, neo mellow, piano rock, pop emo, pop punk, pop rock
James Morris#deep groove house
Jay Tea#No genre data
Jeffree Star#electropowerpop, pixie, strut
Jet Lag Gemini#deep pop emo
Jimmy Eat World#alternative metal, alternative rock, emo, neo mellow, pop christmas, pop punk, pop rock, post-grunge, punk christmas
Jimmy 2 Times#No genre data
Joan Jett and the Blackhearts#No genre data
The Johnstones#punk christmas, ska, ska punk
The Jukebox Romantics#No genre data
Jule Vera#pixie, pop emo
The Juliana Theory#christian punk, dreamo, emo, emo punk, pop punk
Juliet Simms#deep talent show, pixie
Jumping Monks#No genre data
June#west coast trap
June Divided#gothic alternative, pop emo
The Junior Varsity#dreamo, emo, pop punk
Just Surrender#emo, pop emo, pop punk, screamo
Jurassic 5#alternative hip hop, gangster rap, hardcore hip hop, hip hop, rap, trip hop, turntablism
Justina#No genre data
K.Flay#escape room, hip pop, indie poptimism, indietronica
K-os#alternative hip hop, canadian indie, hip hop, pop rap
Kaddisfly#dreamo, progressive post-hardcore
Kairo Kingdom#catstep, complextro, filthstep, zapstep
Karate High School#No artist data
The Karma Killers#indie rockism
Katy Perry#dance pop, pop, pop christmas, post-teen pop
Kaya Stewart#No genre data
The Kenneths#No genre data
Kid Rock#alternative metal, hard rock, nu metal, post-grunge, redneck, rock
Killswitch Engage#alternative metal, groove metal, melodic metalcore, metalcore, nu metal, post-grunge, rap metal, rap rock
Kiros#christian alternative rock, christian rock
Knocked Loose#alternative emo, anthem emo, metalcore, screamo
The Know How[29]#No artist data
Knuckle Puck#alternative emo, anthem emo, emo, pixie, pop punk, screamo
Koji#No genre data
Koo Koo Kanga Roo#No genre data
Kool Keith#abstract hip hop, alternative hip hop, east coast hip hop, gangster rap, hardcore hip hop, hip hop, turntablism
Kosha Dillz#No genre data
Kottonmouth Kings#nu metal, rap metal, rap rock, redneck
L7#alternative rock, electroclash, funk rock, grunge, post-grunge, punk, riot grrrl, rock
Lagwagon#melodic hardcore, pop punk, punk, ska punk, skate punk
Large Marge#No genre data
Larry And His Flask#folk punk, ska punk
Lars Frederiksen and the Bastards#oi, punk, ska, ska punk, skate punk
Last Great Assault#No artist data
Latex Generation#No genre data
L.E.S. Stitches#No genre data
Le Castle Vania#No genre data
Lee Corey Oswald#No genre data
Less Than Jake#emo, melodic hardcore, pop punk, pop rock, post-grunge, punk, ska, ska punk, skate punk
The Letters Organize#No genre data
Letter Kills#emo, pop punk, screamo
Life on the Sideline#No genre data
LIGHTS#indie pop, indie r&b, indietronica
Like Moths to Flames#death core, melodic metalcore, metalcore, pixie, post-screamo, screamo
Like Pacific#alternative emo, anthem emo, pixie, pop punk
Lillix#candy pop, post-teen pop, power-pop punk
Limp Bizkit#alternative metal, alternative rock, funk metal, nu metal, pop punk, post-grunge, rap metal, rap rock, rock, wrestling
Linkin Park#alternative metal, nu metal, post-grunge, rap metal
Lionize#reggae rock
Lionz of Zion#No genre data
The Living End#australian alternative rock, australian pop, pop punk, punk, skate punk
Living With Lions#alternative emo, anthem emo, melodic hardcore, pop punk
Long Beach Dub All-Stars#No genre data
Longway#crunk, deep southern trap, deep trap, dirty south rap, dwn trap, gangster rap, rap, southern hip hop, trap music
Look What I Did#mathcore
The Lordz#No genre data
Loser's Luck#No artist data
The Lost Boys#No genre data
Lost In Atlantis#No genre data
Lost In Society#No genre data
Lost Point#No genre data
Lostprophets#alternative metal
Love Equals Death#melodic hardcore, punk, skate punk
Lucero#No genre data
Luckie Strike#No genre data
Ludo#pop punk
Lunachicks#power-pop punk, riot grrrl
M4Sonic#catstep
Mac Lethal#abstract hip hop, underground pop rap, underground rap
Machine Gun Kelly#pop rap, rap, southern hip hop, trap music
Machree#No genre data
Macy Kate#channel pop, viral pop
Mad Caddies#melodic hardcore, punk, ska, ska punk, skate punk
Madcap#No genre data
Madchild#rap rock
Madina Lake#emo, pop emo, pop punk, screamo
Mae#No genre data
The Maine#alternative pop rock, emo, neo mellow, pixie, pop, pop emo, pop punk, pop rock, post-teen pop, punk christmas
Major League#alternative emo, anthem emo, melodic hardcore, pixie, pop punk
Make Do and Mend#alternative emo, melodic hardcore
Mallory Knox#alt-indie rock, british alternative rock, pixie
Man Overboard#alternative emo, anthem emo, emo, melodic hardcore, pixie, pop emo, pop punk, punk christmas, screamo
Manic Hispanic#hardcore punk
Manic Sewing Circle#punk ska
Marina City#pixie
Marissa Mishelle#No artist data
Marmozets#alt-indie rock, british alternative rock, pop emo
Masked Intruder#folk punk, melodic hardcore, orgcore, pop punk, power-pop punk, punk, punk christmas, ska punk, skate punk
Massive Monkees#No artist data
Matchbook Romance#emo, pop punk, post-hardcore, screamo
The Matches#deep new americana, modern blues, new americana
Matisyahu#reggae fusion
Matt Toka#No artist data
Mayday Parade#emo, neo mellow, pixie, pop emo, pop punk, pop rock, screamo
Maylene & The Sons Of Disaster#christian hardcore, christian metal, melodic metalcore, metalcore, screamo
MC Chris#comic, nerdcore
MC Lars#comic, nerdcore
MC Lars with Weerd Science#No artist data
Medium Troy#No genre data
Me First and the Gimme Gimmes#comic, heavy christmas, melodic hardcore, pop punk, punk, punk christmas, ska, ska punk, skate punk
Me Like Bees#No genre data
Meg & Dia#candy pop, pop christmas, pop emo, punk christmas, slc indie
Meghann Wright#No genre data
Memphis May Fire#metalcore, pixie, post-screamo, rap metal, screamo
The Menzingers#alternative emo, anthem emo, emo, indie punk, melodic hardcore, orgcore, pop punk, punk, skate punk
Mestmothe#No artist data
Metro Station#electropowerpop, emo, pixie, pop punk, punk christmas
MewithoutYou#alternative emo, dreamo, emo, indie folk, progressive post-hardcore, screamo
M.I.A.#alternative dance, dance pop, escape room, hip pop, indie r&b, new rave, pop
Microwave#alternative emo, anthem emo, dreamo, emo, pixie, pop punk, progressive post-hardcore, screamo
Middleground#No artist data
Middle Class Rut#stomp pop
Middle Finger Salute#No genre data
Midnight To Twelve#grunge pop, hard alternative
Midtown#emo, pop punk, skate punk
MI6#No genre data
The Mighty Mighty Bosstones#alternative rock, boston rock, heavy christmas, pop punk, pop rock, punk, punk christmas, ska, ska punk, skate punk
Mighty Mongo#No genre data
Mike Posner#dance pop, pop, pop rap, post-teen pop, tropical house
Mike Watt + The Missingmen#No genre data
Millencolin#melodic hardcore, pop punk, punk, skate punk
Millionaires#strut
Miracle Dolls#No genre data
The Misfits#No genre data
Miss May I#death core, melodic metalcore, metalcore, post-screamo, rap metal, screamo
Mixtapes#alternative emo, anthem emo, folk punk, melodic hardcore, orgcore, pop punk
Mo Bigsley#No artist data
Mod Sun#underground pop rap
Moe Pope#flick hop, underground rap
Mojo Morgan#No genre data
Molotov#deep latin hip hop, latin alternative, latin hip hop, rock en espanol
Moments in Grace#grunge pop
Moneen#dreamo, emo, emo punk, pop punk, screamo
Montage#baile funk
Monty are I#No genre data
Moose Blood#alternative emo, anthem emo, emo, pixie, pop punk
More To Monroe#No genre data
Morgan Heritage#dancehall, lovers rock, reggae, reggae fusion, roots reggae
Mother Feather#indie punk
Motion City Soundtrack#emo, pop punk, pop rock, screamo
Motionless in White#alternative metal, melodic metalcore, metalcore, nu metal, pixie, post-screamo, rap metal, rap rock, screamo
Movements#alternative emo, anthem emo, pixie, progressive post-hardcore
The Movielife#alternative emo, emo, emo punk, melodic hardcore, pop punk, skate punk
Moving Mountains#alternative emo, anthem emo, dreamo, emo punk, post rock, progressive post-hardcore, screamo
The Muffs#alternative pop, power-pop punk
Municipal Waste#crossover thrash, death metal, groove metal, hardcore punk, metal, punk, rva indie, speed metal, thrash metal
Murder City Devils#garage rock, hardcore punk, post-hardcore, punk, punk blues
Mushroomhead#alternative metal, groove metal, industrial metal, industrial rock, melodic metalcore, metalcore, nu metal, post-grunge, rap metal, rap rock
Mutemath#christian alternative rock, dreamo, indie pop
MxPx#christian christmas, christian punk, emo, heavy christmas, melodic hardcore, pop punk, pop rock, punk, punk christmas, ska, ska punk, skate punk
My American Heart#punk christmas
My Arcadia#pop emo
My Chemical Romance#emo, pop punk, punk christmas, screamo
Naked Walrus#No genre data
The Narrative#dreamo
Near Miss#fast melodic punk, melodic hardcore
Neck Deep#alternative emo, anthem emo, emo, pixie, pop punk, screamo
Neo Geo#No genre data
N.E.R.D#hip hop, indie r&b, pop rap, rap
Never Shout Never#alternative pop rock, emo, pixie, pop punk, post-teen pop
New Beat Fund#No genre data
New Empire#No genre data
New Found Glory#emo, heavy christmas, pixie, pop punk, pop rock, post-grunge, punk, punk christmas, screamo, skate punk
The New Low#post-screamo
The New Sincerity#No artist data
New Years Day#candy pop, emo, pixie, pop emo, pop punk, screamo
Night Argent#No genre data
Night Riots#indie pop, indie poptimism, indie psych-rock, indie rockism, indietronica, shimmer pop
NiT GriT#brostep, filthstep, glitch hop
No Bragging Rights#metalcore, screamo
No Doubt#alternative rock, dance pop, permanent wave, pop, pop christmas, pop rock, post-grunge, punk christmas
NOFX#alternative rock, heavy christmas, melodic hardcore, pop punk, punk, punk christmas, skate punk
No Man's Land#No genre data
Nonpoint#alternative metal, groove metal, industrial metal, latin metal, melodic metalcore, metalcore, nu metal, post-grunge, rap metal, rap rock
Norma Jean#christian hardcore, christian metal, death core, djent, dreamo, mathcore, melodic metalcore, metalcore, post-hardcore, progressive post-hardcore, screamo
No Use for a Name#emo, melodic hardcore, pop punk, punk, ska punk, skate punk
Nothington#alternative emo, folk punk, melodic hardcore, orgcore, power-pop punk, punk, skate punk
Now On#post-post-hardcore, post-screamo
Obtik#No artist data
Oceana#No genre data
Oceans Ate Alaska#death core, metalcore, post-post-hardcore, post-screamo, screamo
Of Mice & Men#alternative metal, emo, metalcore, pixie, pop punk, post-screamo, rap metal, screamo
The Offspring#alternative metal, alternative rock, permanent wave, pop punk, pop rock, post-grunge, punk, rock, skate punk
Oh No Fiasco#No genre data
Oh, Sleeper#christian hardcore, christian metal, death core, dreamo, melodic metalcore, metalcore, progressive post-hardcore, screamo
Old Wounds#chaotic hardcore
On The Surface#No genre data
Onward, Etc.#No genre data
Oneyedjacks#No genre data
One Last Shot#No genre data
One Minute Silence#alternative metal, groove metal, industrial metal, nu metal, rap metal, rap rock
One Ok Rock#anime, j-metal, j-pop, j-rock, otacore
Only Crime#fast melodic punk, melodic hardcore, orgcore, punk, skate punk
Orange 9mm#rap metal, rap rock
Ore Ska Band#No artist data
Othello#No genre data
Our Last Night#emo, metalcore, pixie, pop punk, post-screamo, rap metal, screamo
Outasight#underground pop rap
Over It#alternative emo, anthem emo, chicago indie, dreamo, emo, emo punk, melodic hardcore, pop punk
Owen Plant#No genre data
Ozma#No genre data
P.O.S#abstract hip hop, escape room, underground rap
Pacific Dub#reggae rock
Paige Wood#No genre data
Palaye Royale#pixie, vegas indie
Panima#deep pop emo, pop emo
Papa Roach#alternative metal, alternative rock, nu metal, pop punk, post-grunge, rap metal, rap rock, rock
Paramore#candy pop, emo, pop, pop emo, pop punk
Parkway Drive#alternative metal, groove metal, melodic metalcore, metalcore, nu metal, rap metal, screamo
Passafire#reggae rock
Patent Pending#pixie, pop emo, pop punk
Pathway To Providence#No artist data
Pato#dancehall, lovers rock, reggae, reggae fusion, roots reggae
Peelander-Z#j-punk
Pendleton#No genre data
Pennywise#melodic hardcore, pop punk, punk, skate punk
Pepper#reggae rock
Permanent Bastards#deep orgcore
Peter DiStefano#No genre data
Phathom#No genre data
The Photo Atlas#No genre data
Pierce the Veil#metalcore, pixie, pop punk, screamo
Pietasters#ska, ska punk, ska revival, traditional ska
The Pinker Tones#spanish rock
The Pink Slips#No genre data
The Pink Spiders#pop punk
Piotta#italian hip hop, italian pop
Pistolita#No artist data
Places And Numbers#No genre data
Plague Vendor#indie punk
Plain White T's#emo, neo mellow, pop, pop christmas, pop punk, pop rock, post-teen pop, punk christmas
Planet Smashers#ska, ska punk, ska revival
Playboy Manbaby#No genre data
PlayRadioPlay#alternative pop rock
Poison the Well#chaotic hardcore, christian hardcore, death core, mathcore, melodic metalcore, metalcore, post-hardcore, screamo
Polar Bear Club#alternative emo, anthem emo, emo, melodic hardcore, orgcore, pop punk, skate punk
Pour Habit#fast melodic punk, melodic hardcore, skate punk
Preston#chicago soul, classic funk rock, disco, funk, funk rock, jazz blues, memphis soul, motown, new orleans blues, quiet storm, soul, soul blues, southern soul
The Pretty Reckless#alternative metal, candy pop, pop, pop punk, post-grunge, post-teen pop
Prof#abstract hip hop, underground pop rap, underground rap
Protest The Hero#canadian metal, death core, djent, jazz metal, mathcore, melodic metalcore, metalcore, post-hardcore, progressive metal, progressive post-hardcore, screamo
The Protomen#comic, deep chiptune, video game music
Psycho White#No artist data
Psychotic 4#No genre data
Pull The Pin#No genre data
PVRIS#emo, indie poptimism, pixie, pop, pop emo, pop punk, screamo
Quarashi#icelandic pop, rap metal, rap rock
Quicksand#emo, emo punk, grunge, hardcore, math rock, mathcore, melodic hardcore, post-hardcore, space rock, straight edge
Railroad To Alaska#No genre data
Rancid#alternative rock, funk rock, pop punk, punk, ska, skate punk
The Randies#power-pop punk
Rapid Decline#No artist data
RDGLDGRN#No genre data
The Ready Set#alternative pop rock, emo, indie poptimism, pixie, pop, pop emo, pop punk, post-teen pop, punk christmas, teen pop, viral pop
Real Friends#alternative emo, anthem emo, emo, pixie, pop punk, screamo
Real McKenzies#celtic rock, punk, skate punk
The Receiving End of Sirens#dreamo, post-hardcore, progressive post-hardcore, screamo
Reckless Serenade#anthem emo
The Recovering#No artist data
Red Car Wire#alternative pop rock
Red Five#bubble trance
The Red Jumpsuit Apparatus#alternative metal, christian alternative rock, emo, metalcore, neo mellow, pixie, pop punk, pop rock, post-grunge, screamo
Reel Big Fish#comic, pop punk, pop rock, post-grunge, punk, ska, ska punk, skate punk
Reggie and the Full Effect#emo, emo punk, pop punk, post-hardcore, screamo
Relient K#ccm, christian alternative rock, christian christmas, christian music, christian punk, christian rock, emo, indiecoustica, neo mellow, pop christmas, pop punk, pop rock, punk christmas, worship
Remsa 'n Event#No artist data
Rev 9#No genre data
Reverend Horton Heat#funk rock, garage rock, psychobilly, punk, punk blues, rockabilly, surf music
Revolution Mother#No genre data
Rise Against#alternative metal, hardcore punk, nu metal, pop punk, post-grunge, punk
Rise To Remain#melodic metalcore, metalcore
The Riverboat Gamblers#No artist data
River City Extension#No genre data
Roam#alternative emo, anthem emo, pixie, pop punk
Rocket from the Crypt#alternative rock, garage rock, math rock, post-hardcore, punk, punk blues, punk christmas
The Rocket Summer#alternative pop rock, dreamo, emo, neo mellow, piano rock, pop christmas, pop emo, pop punk, pop rock, punk christmas
Roger Miret and the Disasters#oi
Rollins Band#funk metal, funk rock, grunge, punk, rap rock
Roses Are Red#screamo
Royal Crown Revue#swing, traditional swing
Rufio#emo, melodic hardcore, pop punk, punk, screamo, skate punk
Run DMT#indie dream pop, vaporwave
Rx Bandits#dreamo, pop punk, progressive post-hardcore, ska, ska punk
Ryan Cassata#No genre data
Safe To Say#alternative emo, anthem emo
Saint Alvia#No genre data
The Salads#No genre data
Sammy Adams#pop rap, underground pop rap
Sarah and the Safe Word#No genre data
Save Ferris#ska, ska punk
Saves the Day#alternative emo, dreamo, emo, melodic hardcore, pop punk, pop rock, post-hardcore, screamo, skate punk
Saosin#dreamo, emo, metalcore, pop punk, post-hardcore, progressive post-hardcore, screamo
Saving Grace#christian hardcore, christian metal
Say Anything#alternative emo, dreamo, emo, pop punk, pop rock, screamo
Say No More#deep pop emo, pop emo
SayWeCanFly#pixie, pop emo
Say When#No genre data
Scare Don't Fear#No genre data
Scary Kids Scaring Kids#emo, metalcore, pop punk, post-hardcore, progressive post-hardcore, screamo
The Scissors#No genre data
Seaway#alternative emo, anthem emo, pixie, pop emo, pop punk
Seaweed#emo, emo punk, grunge, math rock, post-hardcore
Secret Broadcast#No genre data
The Secret Handshake#alternative pop rock, electropowerpop
SECRETS#metalcore, pixie, post-post-hardcore, post-screamo, progressive post-hardcore, screamo
Senses Fail#emo, metalcore, pop punk, post-hardcore, screamo
Separations#post-post-hardcore, post-screamo
Set It Off#electropowerpop, emo, otacore, pixie, pop punk, punk christmas
Set Your Goals#alternative emo, anthem emo, emo, melodic hardcore, pop punk, post-hardcore, screamo, skate punk
Settings#orgcore
Sevendust#alternative metal, alternative rock, groove metal, industrial metal, melodic metalcore, metalcore, nu metal, post-grunge, rap metal, rap rock
Shad#deep trap, trap music
Sharks#death core, melodic metalcore, metalcore, post-screamo, screamo
Shattered Sun#No genre data
The Sheds#alternative emo
Shinobi Ninja#No genre data
Shira#No genre data
Shiragirl#riot grrrl
Shooter Jennings#alternative country, country rock, outlaw country, redneck, southern rock, texas country, traditional country
Shot In The Dark#No genre data
Shut Up And Deal#No artist data
Shwayze#pop rap, underground pop rap
Shy KidX#No genre data
Sick City#deep pop emo
Sick of It All#alternative metal, crossover thrash, groove metal, hardcore, hardcore punk, melodic hardcore, punk, rap metal, rap rock, ska punk, skate punk, straight edge
Sick of Sarah#No genre data
Silent Planet#christian hardcore, christian metal, metalcore, post-screamo, progressive post-hardcore, screamo
The Silver Comet#No genre data
Silverstein#emo, metalcore, pixie, pop punk, post-hardcore, screamo
Simple Plan#emo, heavy christmas, neo mellow, pop, pop punk, pop rock, post-grunge, post-teen pop, punk christmas
Sing It Loud#alternative pop rock, pop emo, pop punk
Single File#pop punk
Six Feet Under#alternative metal, brutal death metal, death metal, deathgrind, grindcore, groove metal, latin metal, melodic metalcore, metal, nu metal, rap metal, rap rock, speed metal, technical death metal, thrash metal
Skarhead#crossover thrash, hardcore, straight edge
Skavoovie and the Epitones#ska punk, traditional ska
Skeet Skeet#No genre data
Skindred#alternative metal, groove metal, heavy christmas, industrial metal, nu metal, post-grunge, rap metal, rap rock, welsh rock
Skinny Lister#No genre data
Skip The Foreplay#post-post-hardcore, post-screamo, screamo
Sky Eats Airplane#metalcore, nintendocore, progressive post-hardcore, screamo
Sleeper Agent#No genre data
Sleeper Set Sail#No artist data
The Sleeping#post-hardcore, progressive post-hardcore, screamo
Sleeping With Sirens#metalcore, pixie, pop emo, pop punk, screamo
Sleepwalker#german hip hop
The Smashup#punk christmas
The Smooths#punk ska, ska punk
Snapcase#emo, emo punk, hardcore, mathcore, melodic hardcore, metalcore, post-hardcore, rap metal, straight edge
Snot#alternative metal, funk metal, funk rock, groove metal, industrial metal, nu metal, rap metal, rap rock
So Long Arletta#No artist data
So They Say#No genre data
Social Distortion#alternative rock, pop punk, punk, rock, skate punk
Someday Never#deep pop emo
Something Corporate#dreamo, emo, neo mellow, piano rock, pop christmas, pop emo, pop punk, pop rock, punk christmas
Somerset#No genre data
Sonic Boom Six#ska, ska punk
The Sounds#metropopolis, swedish alternative rock, swedish indie rock
The Specials#britpop, dance rock, madchester, new romantic, new wave, new wave pop, post-punk, punk, reggae, ska, ska punk, ska revival
The Spill Canvas#dreamo, emo, pop emo, pop punk, pop rock, punk christmas, screamo
Spring Heeled Jack#ska, ska punk
Sprout#art rock, britpop, chamber pop, dance rock, madchester, melancholia, new romantic, new wave, new wave pop, synthpop, uk post-punk
Stacked Like Pancakes#No genre data
Staind#alternative metal, alternative rock, nu metal, pop rock, post-grunge, rap metal, rap rock, rock
The Starting Line#alternative emo, anthem emo, dreamo, emo, pop emo, pop punk, pop rock, screamo
State Champs#alternative emo, anthem emo, deep pop punk, emo, pixie, pop emo, pop punk
Staylefish#reggae rock
Stepdad#metropopolis, shimmer pop
Stephan Jacobs#glitch hop
Stephen Jerzak#alternative pop rock, electropowerpop
Stick to Your Guns#death core, melodic hardcore, melodic metalcore, metalcore, screamo
Still Remains#christian hardcore, christian metal, groove metal, melodic death metal, melodic metalcore, metalcore, screamo
The Stingrays#No genre data
Story of the Year#alternative metal, christian alternative rock, emo, melodic metalcore, metalcore, nu metal, pop punk, post-grunge, rap metal, rap rock, screamo
The Story So Far#alternative emo, anthem emo, emo, pixie, pop punk, screamo
Strangers You Know#indie poptimism, indie psych-rock, indie rockism
Strawberry Blondes#No genre data
Stray from the Path#death core, djent, mathcore, melodic metalcore, metalcore, rap metal, screamo
Straylight Run#dreamo, emo, piano rock, pop punk
Street Dogs#melodic hardcore, oi, punk, ska, ska punk, skate punk
Street Drum Corps#No genre data
Streetlight Manifesto#comic, pop punk, punk, ska, ska punk, skate punk
Stretch Armstrong#No genre data
Strike Anywhere#alternative emo, emo, folk punk, melodic hardcore, orgcore, pop punk, punk, rva indie, ska punk, skate punk
Strung Out#melodic hardcore, pop punk, punk, ska punk, skate punk
Stutterfly#screamo
Sublime#alternative rock, funk rock, pop rock
Suburban Legends#ska, ska punk
Sugarcult#emo, pop punk, pop rock, post-grunge, screamo, skate punk
Sugar Ray#alternative metal, alternative rock, funk metal, funk rock, neo mellow, pop christmas, pop punk, pop rock, post-grunge, punk christmas, rock
Suicidal Tendencies#alternative metal, crossover thrash, funk metal, funk rock, groove metal, grunge, hardcore punk, metal, nu metal, punk, rap metal, rap rock, rock, skate punk, speed metal, thrash metal
Suicide Machines#folk punk, hardcore punk, melodic hardcore, orgcore, pop punk, punk, ska, ska punk, skate punk
Suicide Silence#alternative metal, death core, groove metal, melodic metalcore, metalcore, nu metal, pixie, rap metal, screamo
The Suit#No genre data
Sum 41#alternative metal, nu metal, pop punk, post-grunge, punk, rap rock
The Summer Set#alternative pop rock, emo, neo mellow, piano rock, pixie, pop, pop emo, pop punk, pop rock, post-teen pop, punk christmas, teen pop, viral pop
The Sunstreak#No genre data
Supe#hard alternative
Super Water Sympathy#No genre data
Supernova#No genre data
Survive This!#post-screamo
The Swellers#alternative emo, anthem emo, emo, melodic hardcore, pop punk, skate punk
Swingin' Utters#hardcore punk, melodic hardcore, orgcore, power-pop punk, punk, ska punk, skate punk
Switched#alternative metal, groove metal, industrial metal, nu metal, rap metal, rap rock
Sworn In#death core, metalcore, progressive deathcore, screamo
Sydney#deep indie r&b, escape room, hip hop, indie r&b, neo soul, r&b
Sykes#dance pop, pop, post-teen pop, teen pop, viral pop
Sylar#post-screamo, screamo
T. Mills#pop rap
Taking Back Sunday#emo, pop punk, pop rock, post-grunge, screamo
Talib Kweli#alternative hip hop, dirty south rap, east coast hip hop, hardcore hip hop, hip hop, pop rap, rap, southern hip hop
TAT#skate punk
Taylor Thrash#alternative pop rock
Teenage Bottlerocket#folk punk, melodic hardcore, orgcore, pop punk, power-pop punk, punk, ska, ska punk, skate punk
Ten Second Epic#No genre data
Terrible Things#pop punk
Terror#indie poptimism, pop, post-teen pop, teen pop
Tess Dunn#No genre data
Texas in July#christian hardcore, christian metal, death core, melodic metalcore, metalcore, screamo
There For Tomorrow#christian alternative rock, emo, pixie, pop emo, pop punk, screamo
They All Float#No artist data
Thirty Seconds to Mars#alternative metal, alternative rock, nu metal, pop punk, post-grunge
This Wild Life#alternative emo, anthem emo, pixie, pop emo, pop punk, screamo
Thrice#alternative metal, dreamo, emo, metalcore, nu metal, pop punk, post-grunge, post-hardcore, punk, screamo, skate punk
Throwdown#alternative metal, christian hardcore, groove metal, hardcore, melodic metalcore, metalcore, nu metal, rap metal, rap rock, straight edge
Throw The Fight#hard alternative, post-screamo
Thursday#alternative emo, dreamo, emo, pop punk, post-hardcore, progressive post-hardcore, screamo
Tiger Army#horror punk, psychobilly, punk, rockabilly, ska punk, skate punk
Tillie#indie rockism
Tilt#deep uplifting trance, epicore
Tip the Van#punk ska, ska, ska punk
Title Fight#alternative emo, anthem emo, emo, indie punk, melodic hardcore, pop punk, screamo
To The Wind#anthem emo, deep melodic metalcore
Tomorrow's Bad Seeds#No artist data
Tonight Alive#candy pop, emo, pixie, pop emo, pop punk, screamo
Tony D'Angelo#No genre data
Too Close to Touch#anthem emo, pixie, post-screamo, progressive post-hardcore, screamo
Tornado Rider#No genre data
Total Chaos#austrian hip hop, crossover thrash, crust punk, hardcore punk, oi, punk, skate punk
Trading Bryson#No artist data
Transit#alternative emo, anthem emo, emo, melodic hardcore, pixie, pop emo, pop punk, screamo
Transplants#pop punk, punk, ska, ska punk, skate punk
Trashing Andi#No artist data
Treaty of Paris#deep pop emo
Treephort#punk ska
Trophy Eyes#alternative emo, anthem emo, deep australian indie, pixie, pop punk
Trust Company#No artist data
T.S.O.L.#crossover thrash, hardcore punk, horror punk, oi, punk, ska punk, skate punk
Tsunami Bomb#melodic hardcore, pop punk, power-pop punk, punk, ska punk, skate punk
Twilight Creeps#No genre data
Twin Atlantic#alt-indie rock, british alternative rock, pop punk, scottish rock
Twiztid#horrorcore, rap metal, rap rock, redneck
Underoath#christian metal, dreamo, emo, melodic metalcore, metalcore, pop punk, post-hardcore, progressive post-hardcore, screamo
Unlocking The Truth#No genre data
Unsane#grunge, math rock, mathcore, noise rock, post-doom metal, post-hardcore, post-metal, sludge metal, space rock
The Unseen#hardcore punk, melodic hardcore, oi, punk, ska punk, skate punk
Unwritten Law#emo, pop punk, post-grunge, punk, skate punk
Upon a Burning Body#death core, groove metal, melodic metalcore, metalcore, nu metal, post-screamo, rap metal, screamo
The Urge#funk rock, ska punk
Urinal Mints#No genre data
The Used#alternative metal, emo, metalcore, nu metal, pixie, pop punk, pop rock, post-grunge, post-hardcore, screamo
Valencia#anthem emo, dreamo, emo, pop emo, pop punk, punk christmas
Valient Thorr#sludge metal, stoner metal, stoner rock
Vampires Everywhere!#No genre data
The Vandals#crossover thrash, hardcore punk, heavy christmas, melodic hardcore, pop punk, punk, punk christmas, ska, ska punk, skate punk
The Vanished#grunge pop
Vanna#death core, melodic metalcore, metalcore, post-hardcore, progressive post-hardcore, screamo
Vaux#No genre data
Veara#alternative emo, anthem emo, deep pop punk, pop punk
Veil Of Maya#death core, djent, mathcore, melodic metalcore, metalcore, rap metal, screamo
Vendetta Red#emo, screamo
VersaEmerge#candy pop, pop emo, punk christmas, screamo
The Vincent Black Shadow#steampunk
Vision of Disorder#alternative metal, groove metal, hardcore, industrial metal, mathcore, metalcore, nu metal, rap metal, rap rock
Volumes#death core, djent, metalcore, rap metal, screamo
Vonnegutt#soul flow, underground pop rap
Voodoo Blue#deep pop emo
Wage War#melodic metalcore, metalcore, post-screamo, rap metal, screamo
Waka Flocka Flame#crunk, dirty south rap, dwn trap, gangster rap, hip hop, pop rap, rap, southern hip hop, trap music, underground hip hop
Wallpaper.#deep australian indie, indie dream pop, vapor soul
War on Women#No genre data
Waterparks#anthem emo, pixie, pop emo, pop punk
Watsky#abstract hip hop, comic, pop rap, underground pop rap
The Waves#new wave pop
Wax#underground pop rap
We Are The In Crowd#candy pop, emo, pixie, pop emo, pop punk
We Are The Ocean#british alternative rock, screamo
We Came As Romans#emo, melodic metalcore, metalcore, pixie, pop punk, post-screamo, rap metal, screamo
We the Kings#emo, neo mellow, piano rock, pixie, pop, pop punk, pop rock, post-teen pop, teen pop, viral pop
weatherPROOF#No genre data
Weerd Science#abstract hip hop
Weezer#alternative metal, alternative rock, blues-rock, garage rock, indie christmas, indie pop, indie rock, nu metal, permanent wave, pop christmas, pop punk, pop rock, post-grunge, punk christmas, rock
We're Doomed#No genre data
West Beverly#No genre data
While She Sleeps#melodic metalcore, metalcore, rap metal, screamo
Whitechapel#death core, groove metal, melodic metalcore, metalcore, nu metal, rap metal, screamo
White Kaps#No genre data
The White Noise#No genre data
Wick-It The Instigator#mashup
William Control#electropowerpop, steampunk
Wind In Sails#anthem emo
Winds Of Plague#death core, melodic metalcore, metalcore
Windsor Drive#dreamo, piano rock
With Confidence#anthem emo, emo, pixie, pop emo, pop punk
Wizo#german punk, liedermacher, reggae fusion, skate punk
Woe, Is Me#metalcore, pixie, post-screamo, screamo
The Wonder Years#alternative emo, anthem emo, emo, melodic hardcore, pixie, pop punk, screamo
The Word Alive#melodic metalcore, metalcore, pixie, post-screamo, rap metal, screamo
Yelawolf#dirty south rap, gangster rap, hip hop, pop rap, rap, southern hip hop, trap music
Yellowcard#bow pop, emo, neo mellow, pop punk, pop rock, post-grunge, punk, punk christmas, screamo, skate punk
You Me at Six#british alternative rock, emo, pixie, pop punk, screamo
You Me Everyone We Know#alternative emo, anthem emo, pop emo, pop punk
Young Guns#No genre data
Young London#deep dance pop
You Win Anyways#No artist data
Zao#christian hardcore, christian metal, christian punk, death core, mathcore, melodic metalcore, metalcore
Zebrahead#alternative metal, emo, funk metal, nu metal, pop punk, post-grunge, punk, rap metal, rap rock, skate punk
