3OH!3#dance pop, electropowerpop, emo, pop, pop punk, pop rap, post-teen pop#['2016']
68#mathcore, progressive post-hardcore#['2015']
5606#No data#['2010']
A+ Dropouts#No data#['2015']
Aaron West and the Roaring Twenties#alternative emo, anthem emo, pop punk#['2014' '2015']
Abriel#Deathcore, Pop, Metalcore#['2009']
The Acacia Strain#christian hardcore, death core, djent, mathcore, melodic metalcore, metalcore, progressive deathcore, rap metal, screamo#['2011' '2017']
The Academy Is...#dreamo, emo, pop emo, pop punk, screamo#['2006' '2008']
A Day to Remember#metalcore, pixie, pop punk, screamo#['2005' '2008' '2009' '2011' '2014']
Adolescents#crossover thrash, hardcore punk, melodic hardcore, oi, punk, ska punk, skate punk#['2007' '2010' '2017']
After the Burial#death core, djent, groove metal, mathcore, melodic metalcore, metalcore, rap metal, screamo#['2012' '2017']
Against the Current#pixie, pop emo, pop punk, post-teen pop, viral pop#['2016']
Agent Orange#crossover thrash, hardcore punk, punk, ska punk, skate punk#['2007']
Aiden#emo, horror punk, metalcore, screamo#['2006' '2009']
The Alarm#dance rock, indie christmas, jangle pop, new romantic, new wave, new wave pop, power pop, welsh rock#['2017']
Alesana#emo, metalcore, pixie, pop punk, post-hardcore, screamo#['2007']
Alestorm#comic, folk metal, metal, power metal, progressive metal, speed metal#['2017']
Alive Like Me#pixie, post-screamo#['2015']
Alkaline Trio#emo, melodic hardcore, pop punk, pop rock, punk, screamo, skate punk#['2002' '2004' '2007' '2010']
The All-American Rejects#emo, neo mellow, pop, pop punk, pop rock, post-grunge#['2003' '2005' '2010']
All That Remains#alternative metal, groove metal, melodic metalcore, metalcore, nu metal, post-grunge, rap metal, rap rock, screamo#['2008']
All Time Low#pixie, pop, pop punk, post-teen pop, punk christmas, teen pop#['2007' '2008' '2009' '2012']
Allister#emo, pop punk, punk, skate punk#['2002' '2004' '2005']
Allstar Weekend#alternative pop rock, pop, post-teen pop, teen pop, viral pop#['2013']
The Almost#christian alternative rock, christian christmas, christian metal, christian rock, dreamo, emo, pop punk, punk christmas, screamo#['2007']
Alvarez Kings#sheffield indie#['2013' '2015']
AM Taxi#No data#['2011']
Amazing Royal Crowns#deep psychobilly#['1998']
Amber Pacific#emo, piano rock, pop emo, pop punk, screamo#['2004' '2005' '2006' '2007']
Amely#alternative pop rock, pop emo, pop punk, punk christmas#['2009']
American Authors#brooklyn indie, indie poptimism, neo mellow, pop, pop rock#['2016' '2017']
American Opera#No data #['2015']
American Pinup#No data#['2014']
American Sixgun#modern southern rock#['2010']
The Amity Affliction#metalcore, pixie, post-screamo, screamo#['2013' '2015']
Amory#No data#['2006']
Amplify This#triangle indie#['2009']
Amyst#No data#['2012']
A.N.I.M.A.L.#alternative dance, alternative rock, anti-folk, chamber pop, chillwave, dance-punk, dream pop, escape room, experimental rock, folk-pop, freak folk, indie folk, indie pop, indie r&b, indie rock, indietronica, lo-fi, neo-psychedelic, new rave, noise pop, noise rock, nu gaze, post rock, shimmer pop, synthpop#['2000']
Anarbor#emo, pixie, pop emo, pop punk, punk christmas#['2008' '2009' '2010' '2013']
Anberlin#alternative metal, christian alternative rock, christian christmas, christian rock, dreamo, emo, nu metal, pop punk, pop rock, post-grunge, punk christmas, screamo#['2007' '2008' '2014']
And I've Landed#No data#['2009']
Andrew W.K.#comic, pop punk#['2002' '2003' '2010']
Andy Black#pixie, pop punk#['2017']
Angels & Airwaves#emo, pop rock, post-grunge, space rock#['2008']
Angry Samoans#crossover thrash, hardcore punk, punk#['2010']
Animo#No data#['2008']
Anthony Raneri of Bayside#No data#['2012' '2014']
Anthrophobia#No data#['1999']
Anti-Flag#melodic hardcore, pop punk, punk, ska punk, skate punk#['1999' '2000' '2002' '2004' '2006' '2009' '2010' '2011' '2012' '2017']
Antiserum#No data#['2014']
April Chase#No data#['2010']
Assuming We Survive#anthem emo, pixie#['2016']
The Aquabats#comic, punk, ska, ska punk, skate punk#['1998' '2013']
Architects#mathcore, melodic metalcore, metalcore, rap metal, screamo#['2008' '2013']
Armor for Sleep#dreamo, emo, pop punk, post-hardcore, progressive post-hardcore, screamo#['2005' '2006']
The Arrogant Sons of Bitches#folk punk, ska, ska punk#['2003' '2004']
Artist Vs Poet#alternative pop rock, indie rockism, pixie, pop emo, pop punk, punk christmas#['2010']
As Cities Burn#christian hardcore, christian metal, christian punk, dreamo, metalcore, post-hardcore, progressive post-hardcore, screamo#['2007']
Ascot Royals#anthem emo#['2015']
As I Lay Dying#alternative metal, christian metal, death core, groove metal, melodic death metal, melodic metalcore, metalcore, nu metal, rap metal, screamo#['2007' '2008']
As It Is#anthem emo, pixie, pop emo, pop punk#['2015']
As Tall as Lions#dreamo, progressive post-hardcore#['2005']
Asking Alexandria#alternative metal, melodic metalcore, metalcore, pixie, pop punk, rap metal, screamo#['2011' '2015']
Assorted Jelly Beans#crack rock steady, punk, ska, ska punk, skate punk#['2010']
The Ataris#emo, melodic hardcore, pop punk, pop rock, punk, skate punk#['2001' '2003' '2005' '2009' '2013' '2014' '2017']
A Thorn for Every Heart#screamo#['2005']
Atmosphere#alternative hip hop, hip hop, pop rap, underground pop rap#['2004' '2005']
Atomic Fireballs#swing, traditional swing#['1998']
Atreyu#alternative metal, emo, groove metal, melodic metalcore, metalcore, nu metal, pop punk, post-grunge, rap metal, rap rock, screamo#['2005' '2016']
Attack Attack!#downtempo, electronic, nu jazz, trip hop#['2009' '2010' '2011']
Attila#death core, melodic metalcore, metalcore, pixie, rap metal, screamo#['2013' '2014' '2015' '2017']
The Audition#dreamo, emo, pop emo, pop punk, screamo#['2007']
August Burns Red#christian christmas, christian metal, death core, heavy christmas, melodic metalcore, metalcore, pop christmas, punk christmas, rap metal, screamo#['2008' '2011' '2012' '2013' '2015']
Authority Zero#melodic hardcore, pop punk, punk, reggae rock, ska, ska punk, skate punk#['2008']
The Automatic#Indie rock, alternative rock, post-punk revival, post-hardcore, dance-punk #['2007']
Automatic Loveletter#emo, pop rock#['2008' '2010']
Avail#melodic hardcore, orgcore, punk, skate punk#['2000']
Avenged Sevenfold#alternative metal, alternative rock, nu metal, pop punk, post-grunge, rock#['2002' '2003' '2004' '2005' '2007']
Avion Roe#pixie, pop emo#['2016']
A Wilhelm Scream#alternative emo, emo, melodic hardcore, orgcore, pop punk, punk, skate punk#['2004' '2005']
Baby Baby#No data#['2015']
Bad Cop / Bad Cop#power-pop punk, skate punk#['2015' '2017']
Bad Rabbits#boston rock#['2011' '2014']
Bad Religion#alternative rock, funk rock, melodic hardcore, pop punk, punk, punk christmas, rock, skate punk#['1997' '1998' '2002' '2004' '2007' '2009']
Bad Omens#metalcore, pixie, post-screamo, screamo#['2017']
Bad Seed Rising#pixie, pop emo, post-screamo#['2016' '2017']
The Ballroom Charades#No data#['2016']
Ballyhoo!#reggae rock#['2012' '2016']
Bangups#No data#['2012' '2013']
Barb Wire Dolls#Grunge, Punk rock#['2017']
Bayside#alternative emo, anthem emo, dreamo, emo, pop punk, post-hardcore, screamo#['2006' '2007' '2009' '2012']
Beacher's Madhouse#No data#['2010']
Beartooth#columbus ohio indie, emo, metalcore, pixie, pop punk, rap metal, screamo#['2014' '2015' '2017']
Beatsteaks#deep german pop rock, german hip hop, german indie, german pop, german punk, reggae fusion#['2000']
Beat Union#Pop punk#['2008']
Beautiful Bodies#pixie, pop emo#['2013' '2015']
Bebe Rexha#dance pop, edm, pop, post-teen pop, tropical house#['2015']
Beck#alternative rock, anti-folk, classic rock, electronic, folk christmas, funk rock, garage rock, indie christmas, indie pop, indie rock, neo-psychedelic, permanent wave, pop rock, rock, singer-songwriter#['1996']
Bedouin Soundclash#reggae rock#['2005' '2008']
Beebs and Her Money Makers#ska#['2013' '2014']
Being As An Ocean#alternative emo, anthem emo, metalcore, pixie, screamo#['2015' '2017']
Between the Trees#alternative pop rock, dreamo, emo, piano rock, pop emo, pop punk#['2008']
Beware Of Darkness#No data#['2013']
Be Your Own Pet#dance-punk, garage rock, riot grrrl#['2008']
Bif Naked#canadian indie, candy pop, lilith#['2000']
Biffy Clyro#garage rock, indie rock, rock, scottish rock#['2007']
Big B#east coast hip hop, gangster rap, hardcore hip hop, hip hop, pop rap, rap, southern hip hop#['2011']
Big Chocolate#death core, electronic trap#['2011' '2013']
Big D and the Kids Table#folk punk, punk, punk christmas, ska, ska punk, skate punk#['2005' '2007' '2009' '2010' '2011' '2013' '2017']
Big Drill Car#Punk rock, pop punk, melodic hardcore#['2008' '2009']
Bi-Level#No data#['2003']
Billy Idol#album rock, classic rock, dance rock, glam metal, hard rock, heavy christmas, mellow gold, new romantic, new wave, new wave pop, rock, soft rock, synthpop#['2005']
Billy Talent#alternative metal, emo, nu metal, pop punk, post-grunge, punk#['2004' '2005' '2006' '2013']
Black Boots#No data#['2015']
Black Box#disco house, eurodance, europop, hip house, vocal house#['2009']
The Black Dahlia Murder#death core, death metal, deathgrind, djent, groove metal, mathcore, melodic death metal, melodic metalcore, metal, metalcore, technical death metal#['2013']
The Black Eyed Peas#dance pop, pop, pop rap, post-teen pop#['1999']
Blackfire#Punk rock, alternative rock#['2003']
The Black Pacific#melodic hardcore, skate punk#['2011']
Black Square#punk ska#['2011']
Black Tide#groove metal, melodic metalcore, metalcore#['2009']
Blacklist Royals#alternative roots rock, orgcore#['2006' '2007' '2011']
Black President#Punk rock, hardcore punk#['2008']
Black Veil Brides#alternative metal, emo, metalcore, pixie, pop punk, rap metal, screamo#['2011' '2013' '2015']
Blas√© Debris#No data#['2008']
The Bled#mathcore, melodic metalcore, metalcore, post-hardcore, progressive post-hardcore, screamo#['2004' '2005' '2006']
The Bleeding Irish#celtic punk#['2008']
Bleeding Orange#No data#['2006']
Bleeding Through#christian hardcore, christian metal, death core, groove metal, melodic metalcore, metalcore, nu metal, rap metal#['2005']
Bleed the Dream#punk christmas, screamo#['2003' '2004' '2005' '2007']
Blessthefall#melodic metalcore, metalcore, pixie, post-screamo, rap metal, screamo#['2007' '2012' '2013' '2015' '2017']
Blink-182#heavy christmas, pop punk, punk, punk christmas#['1996' '1997' '1999' '2001']
Blood on the Dance Floor#electropowerpop, pixie, screamo#['2011' '2012']
Bombay Cowtippers#No data#['1999']
Born Cages#indie poptimism, indie psych-rock, indie rockism#['2015']
Born of Osiris#death core, djent, groove metal, mathcore, melodic metalcore, metalcore, rap metal, screamo#['2012' '2014']
Boston Manor#alternative emo, anthem emo, pixie, pop punk#['2017']
The BOTS#No data#['2010' '2011']
Bouncing Souls#emo, melodic hardcore, pop punk, punk, ska, ska punk, skate punk#['1999' '2001' '2004' '2006' '2008' '2009']
Bowling for Soup#comic, emo, heavy christmas, pop punk, pop rock, post-grunge, punk, punk christmas, skate punk#['2003' '2004' '2005' '2011' '2013' '2014' '2017']
Box Car Racer#emo, pop punk, punk, screamo, skate punk#['2002']
BoyMeetsWorld#anthem emo#['2015']
Boysetsfire#melodic hardcore, skate punk#['2002' '2006']
Boys Like Girls#emo, neo mellow, pixie, pop, pop emo, pop punk, pop rock, post-teen pop, viral pop#['2007']
Boys Night Out#alternative emo, dreamo, emo, melodic hardcore, pop punk, post-hardcore, progressive post-hardcore, screamo#['2005']
Brand New#alternative emo, emo, pop punk, pop rock, screamo#['2003']
Brass Tackz#No data#['2010']
Breathe Carolina#big room, deep big room, edm, electro house, electropowerpop, emo, pixie, pop punk, progressive electro house, punk christmas, screamo#['2009' '2010' '2012' '2014']
Breathe Electric#alternative pop rock, electropowerpop#['2009' '2010']
Brian Marquis#folk, americana, whiskey#['2012' '2013' '2015']
Britt Black#rock#['2006']
The Briggs#celtic punk, heavy christmas, melodic hardcore, oi, punk, punk christmas, ska punk, skate punk#['2007' '2008']
Bring Me The Horizon#alternative metal, metalcore, pixie, pop punk, screamo#['2008' '2010' '2013']
Broadway Calls#alternative emo, melodic hardcore, orgcore, pop punk#['2008']
Broadside#alternative emo, anthem emo, pixie, pop emo, pop punk#['2016']
BrokeNCYDE#electropowerpop, pixie, screamo#['2009']
The Bronx#garage rock, melodic hardcore, post-hardcore, punk, skate punk#['2008']
Brothers Of Brazil#brazilian punk, rock gaucho#['2011']
Buck-O-Nine#ska, ska punk, skate punk#['1999' '2007']
Buffalo Casket#No data#['2008']
Bullet For My Valentine#alternative metal, groove metal, melodic metalcore, metalcore, nu metal, pop punk, post-grunge, rap metal, rap rock, screamo#['2006' '2016']
The Bunny The Bear#electropowerpop, pixie, post-post-hardcore, post-screamo, screamo#['2015']
Burning Empires#No data#['2010']
Buttons#No data#['2015']
Call the Cops#alternative pop rock, electropowerpop#['2010']
Callback California#No data#['2010']
Campaigning For Zeros#No data#['2011']
Candiria#jazz metal, mathcore, metalcore, rap metal, rap rock#['2017']
Candy Hearts#alternative emo, candy pop, power-pop punk#['2015']
Cane Hill#Nu metal, metalcore, alternative metal#['2016']
Capsize#alternative emo, anthem emo, progressive post-hardcore#['2016']
Captain Capa#electropunk, german indie#['2012' '2014']
Carnifex#death core, melodic metalcore, metalcore, progressive deathcore, technical death metal#['2017']
Carousel Kings#alternative emo, anthem emo, deep pop punk, pixie, pop emo, pop punk, post-screamo#['2015' '2017']
Cartel#latin hip hop#['2005' '2006']
Casket Architects#No data#['2008']
The Casualties#crossover thrash, hardcore punk, oi, punk, ska punk, skate punk#['2002' '2004' '2006' '2010']
CatchingYourClouds#alternative pop rock, pixie#['2012']
Champagne Champagne#classic funk rock, disco, funk, funk rock, motown, post-disco, quiet storm, soul, urban contemporary#['2012']
Charged GBH#brazilian punk, crossover thrash, hardcore punk, oi, punk, ska punk, skate punk#['2008']
The Chariot#chaotic hardcore, christian hardcore, christian metal, dreamo, mathcore, melodic metalcore, metalcore, progressive post-hardcore, screamo#['2007' '2013']
Charlotte Sometimes#acoustic pop, candy pop, deep talent show, folk-pop, lilith#['2008']
Chase Long Beach#ska, ska punk#['2010']
Chase Walker Band#Rock, Blues, Jazz#['2013' '2014']
Chelsea Grin#death core, melodic metalcore, metalcore, rap metal, screamo#['2012' '2014' '2016']
Cherri Bomb#hard rock#['2012']
Cherry Poppin' Daddies#ska, ska punk, swing, traditional swing#['1998']
Chiodos#emo, metalcore, pop punk, post-hardcore, progressive post-hardcore, screamo#['2006' '2007' '2008' '2009' '2012' '2013']
The Chop Tops#deep psychobilly, psychobilly, rockabilly#['2005' '2006']
Chuck Ragan of Hot Water Music#Folk rock, punk rock, folk punk#['2012']
Chunk! No, Captain Chunk#anthem emo, emo, metalcore, pixie, pop emo, pop punk, post-screamo, screamo#['2012' '2014' '2016']
ChrisB#No data#['2015']
Cinder Road#grunge pop, hard alternative#['2008']
Cinematic Sunrise#emo, piano rock, pop emo, pop punk#['2007' '2008']
Circa Survive#alternative emo, dreamo, emo, pop punk, post-hardcore, progressive post-hardcore, screamo#['2005' '2007']
Circle Jerks#crossover thrash, funk rock, grunge, hardcore, hardcore punk, oi, punk, ska punk, skate punk#['2007']
Citizen#neo mellow, pop rock#['2006' '2013' '2015']
Citizen X#No data#['2008']
CIV#hardcore, melodic hardcore, skate punk, straight edge#['1995' '1996' '1998']
TheCityShakeUp#No data#['2013' '2014']
CKY#alternative metal, groove metal, heavy christmas, industrial metal, metalcore, nu metal, post-grunge, rap metal, rap rock#['1999' '2000' '2017']
The Classic Crime#christian alternative rock, christian rock, dreamo, indie rockism#['2008']
The Cleopatra Complex#electronica, alternative rock, pop#['2013']
Close Your Eyes#christian hardcore, christian metal, metalcore, screamo#['2014']
Closure in Moscow#dreamo, progressive post-hardcore, screamo#['2010']
Cobra Starship#dance pop, emo, pop, pop punk, pop rap, pop rock, post-teen pop#['2008']
Coheed and Cambria#alternative metal, emo, pop punk, screamo#['2003' '2004' '2007']
Coldrain#j-metal, post-screamo#['2016']
Cold Forty Three#pop, punk#['2011' '2012']
Cold Fusion#martial industrial, neofolk#['2008']
The Color Fred#dreamo, emo, pop punk#['2008']
The Color Morale#melodic metalcore, metalcore, pixie, post-screamo, progressive post-hardcore, screamo#['2014' '2016']
Columbyne#No data#['2010' '2011']
The Confession#melodic metalcore, metalcore#['2007']
Confide#metalcore, progressive post-hardcore, screamo#['2008' '2010']
Continental#tico#['2011']
The Constellations#Hip hop, rock#['2012']
Counterparts#alternative emo, anthem emo, canadian metal, death core, deep melodic metalcore, melodic hardcore, metalcore, progressive post-hardcore, screamo#['2017']
Courage My Love#metropopolis, pixie, pop emo#['2013' '2014' '2017']
Corrin Campbell#alternative rock, Rock#['2015']
Crashcarburn#deep pop emo, pop emo#['2008']
Creeper#alt-indie rock, pixie#['2017']
Crime in Stereo#alternative emo, emo, melodic hardcore, pop punk, straight edge#['2008']
Crizzly#brostep, electronic trap#['2013' '2014']
Crossfaith#j-metal, j-rock, metalcore, screamo#['2013' '2015']
Crown the Empire#metalcore, pixie, pop punk, post-post-hardcore, post-screamo, punk christmas, screamo#['2013' '2014' '2016']
Crowned King#No data#['2007']
Cruel Hand#alternative emo, chaotic hardcore, hardcore, melodic hardcore, straight edge#['2016']
Culture Shock Camp#No data#['2008']
Cursed Sails#No data#['2014']
Cute Is What We Aim For#emo, pixie, pop emo, pop punk, pop rock, screamo#['2007' '2014']
D12#crunk, detroit hip hop, dirty south rap, gangster rap, hardcore hip hop, hip hop, pop rap, rap, southern hip hop#['2001']
The Damned#alternative rock, dance rock, experimental rock, garage rock, gothic rock, hardcore punk, new wave, new wave pop, post-punk, power pop, pub rock, punk, punk blues, uk post-punk#['2002']
Dance Gavin Dance#emo, metalcore, pixie, pop punk, progressive post-hardcore, screamo#['2009' '2011' '2017']
Dance Hall Crashers#ska, ska punk, skate punk#['1996']
The Dance Party#Rock, new wave, dance-punk, power pop#['2011']
Dangerkids#pixie, post-screamo, screamo#['2014']
Danger Radio#alternative pop rock, pop emo#['2008']
The Dangerous Summer#alternative emo, anthem emo, dreamo, emo, pixie, pop emo, pop punk#['2011']
Danielle Barbe#deep indie singer-songwriter#['2012']
Dante#tropical house#['2008']
Darkest Hour#alternative metal, christian metal, death core, djent, groove metal, mathcore, melodic death metal, melodic metalcore, metalcore, nu metal#['2005']
The Darlings#columbus ohio indie#['2012']
Dash | Ten#No data#['2016']
DC Fallout#fast melodic punk#['2011']
Dead Cat Lounge#No data#['2011']
Dead Legend#No data#['2008']
Dead Sara#No data#['2012']
The Dear & Departed#No data#['2007']
Dear and the Headlights#dreamo, pop punk, progressive post-hardcore#['2009']
Defeater#alternative emo, anthem emo, chaotic hardcore, melodic hardcore, pop punk, screamo#['2013']
Deftones#alternative metal, alternative rock, funk rock, groove metal, nu metal, post-grunge, rap metal, rap rock, rock#['1995' '1996' '1998']
Demerit#chinese indie rock, street punk#['2011']
Descendents#alternative rock, emo, hardcore punk, pop punk, punk, ska punk, skate punk#['1997']
Deviates#melodic hardcore, punk, skate punk#['2000' '2001' '2002']
The Devil Wears Prada#christian metal, death core, melodic metalcore, metalcore, rap metal, screamo#['2008' '2009' '2011' '2014']
Desperation Squad#Avant-garde, Punk Rock, Outsider Music#['2007']
D.I.#bolero, latin pop, romantico#['2008']
Dick Dale#rockabilly, surf music#['1996']
The Dickies#crossover thrash, hardcore punk, heavy christmas, oi, power-pop punk, pub rock, punk, punk christmas, skate punk#['2007' '2008' '2009' '2010' '2017']
Die' Hunns#oi#['2006']
Die Toten Hosen#deep german pop rock, german pop, german punk#['1998']
The Dillinger Escape Plan#alternative metal, death core, djent, funk rock, groove metal, jazz metal, mathcore, melodic metalcore, metalcore, nu metal, post-hardcore, post-metal, sludge metal#['2005' '2008' '2010']
The Dirty Nil#indie punk#['2015']
Disco Ensemble#suomi rock#['2008']
District 7#Punk rock, Pop punk, Melodic hardcore, Skate punk, Hardcore punk#['2002']
Divided By Friday#alternative pop rock, pixie, pop emo, punk christmas#['2012']
DJ Nicola Bear#No data#['2014']
DJ Scout#No data#['2014']
Dodger#No data#['2008']
Does It Offend You, Yeah?#alternative dance, dance-punk, electroclash, indietronica, new rave, synthpop#['2008']
Doll Skin#Rock, Punk Rock, Alternative Rock, Pop punk#['2017']
Doozer#No data#['2003']
Double XL#No data#['2007']
Down by Law#melodic hardcore, power-pop punk, punk, skate punk#['1996']
Drama Club#grunge pop, post-screamo#['2015']
Dr. Madd Vibe#No data#['2006']
Dr. Manhattan#Alternative rock, indie rock, electronic#['2008']
Drive A#metalcore, pixie, pop emo, post-screamo, screamo#['2008']
Driver Friendly#rock#['2013']
Drop Dead, Gorgeous#metalcore, nintendocore, post-hardcore, progressive post-hardcore, screamo#['2007']
Dropkick Murphys#boston rock, celtic punk, celtic rock, pop punk, punk, skate punk#['1999' '2001' '2003' '2005' '2010']
D.R.U.G.S.#alternative rock, chamber pop, chillwave, dream pop, folk-pop, freak folk, indie folk, indie pop, indie rock, indietronica, neo-psychedelic, noise pop, roots rock, singer-songwriter, stomp and holler#['2011']
Dose Of Adolescence#No data#['2013']
The Dukes#alternative country, country rock, folk, folk rock, mellow gold, new americana, outlaw country, rock, roots rock, singer-songwriter, southern rock, texas country, traditional country, traditional folk#['2017']
Dustin Jones and the Rising Tide#No data#['2012']
The Early November#alternative emo, anthem emo, dreamo, emo, pop punk, post-hardcore, screamo#['2002' '2003' '2004' '2006' '2013']
Echo Movement#reggae rock#['2012']
Echosmith#neo mellow, pop, pop christmas, viral pop#['2013' '2014']
Eden Row#No data#['2004']
Edreys#Hip hop#['2008']
Eighteen Visions#christian hardcore, mathcore, melodic metalcore, metalcore#['2004']
Eightyonedays#No data#['2004']
Electric Touch#lo star, piano rock#['2011']
Eli Olsberg#No data#['2015']
Emarosa#emo, metalcore, pixie, pop punk, post-hardcore, progressive post-hardcore, screamo#['2010' '2015' '2016']
Emery#big room, deep big room, edm, electro house, progressive electro house, progressive house, progressive trance, trance, tropical house, uplifting trance#['2005' '2006']
Emilie Autumn#cello, dark cabaret, steampunk, symphonic metal#['2014']
Emily's Army#punk rock#['2012' '2013']
Eminem#detroit hip hop, g funk, hip hop, pop rap, rap#['1999']
Emmure#death core, groove metal, melodic metalcore, metalcore, nu metal, rap metal, screamo#['2009' '2010' '2017']
Enough Already#No data#['2016']
Enter Shikari#alternative metal, emo, metalcore, nintendocore, nu metal, pop punk, post-hardcore, rap metal, screamo#['2010' '2011' '2014']
Entice#No data#['2008']
Envy On The Coast#dreamo, emo, pop punk, progressive post-hardcore, screamo#['2007']
Escape The Fate#alternative metal, emo, metalcore, pixie, pop punk, post-grunge, rap metal, screamo#['2006' '2007' '2009' '2015']
Esham#detroit hip hop, horrorcore#['2001']
Eternal Boy#Pop Punk#['2017']
Evaline#dreamo#['2007']
Evelynn#No data#['2011']
Evergreen Terrace#christian hardcore, death core, melodic hardcore, melodic metalcore, metalcore#['2007']
Every Avenue#alternative pop rock, emo, pixie, pop emo, pop punk#['2008' '2009' '2011']
Every Time I Die#chaotic hardcore, dreamo, emo, mathcore, melodic metalcore, metalcore, pop punk, post-hardcore, progressive post-hardcore, screamo#['2002' '2006' '2008' '2010' '2012' '2014' '2016']
The Expendables#reggae rock#['2011']
The Exposed#No data#['2011' '2013']
Eyes Set To Kill#melodic metalcore, metalcore, pixie, pop emo, screamo#['2010' '2011']
The Fabulous Rudies#No data#['2005' '2006' '2007' '2010']
Face to Face#emo, melodic hardcore, pop punk, punk, ska punk, skate punk#['1995' '1996' '2003' '2010']
Face The King#No data#['2014']
Fall From Grace#Alternative rock, Alternative Metal, Hardcore punk#['2008']
The Fall of Troy#mathcore, metalcore, nintendocore, post-hardcore, progressive post-hardcore, screamo#['2005']
Fall Out Boy#emo, pop punk#['2004' '2005']
Falling In Reverse#metalcore, pixie, pop punk, rap metal, screamo#['2011' '2012' '2014' '2016' '2017']
Falling Through April#No data#['2014' '2015']
False Puppet#No data#['2015']
Family Force 5#ccm, christian alternative rock, christian christmas, christian hip hop, christian music, christian rock#['2007' '2008' '2011' '2015']
The Fantastic Plastics#No data#['2017']
Farewell#anthem emo, pixie#['2008']
Farewell Winters#No data#['2017']
Fear#alternative metal, death metal, funk rock, groove metal, industrial metal, industrial rock, latin metal, melodic death metal, melodic metalcore, metal, nu metal, post-grunge, progressive metal, rap metal, rap rock, rock, speed metal, thrash metal#['2001' '2007' '2008']
Fear Before the March of Flames#dreamo, mathcore, metalcore, nintendocore, post-hardcore, progressive post-hardcore, screamo#['2004']
Fear Nuttin' Band#rap metal, rap metalcore, rap rock#['2008']
Feeki#deep underground hip hop, redneck, underground pop rap#['2017']
Fenix TX#emo, pop punk, punk, ska punk, skate punk#['2001']
The Figgs#jangle pop, power pop#['1996']
The Fight#hard alternative, post-screamo#['2005']
Fight Fair#alternative emo, deep pop punk, pop punk#['2010']
Fight Fight Fight#alternative emo, anthem emo, emo, indie punk, melodic hardcore, pop punk, screamo#['2008']
The Fighting Jacks#No data#['2004']
Final Summation#No data#['2005']
Finch#Post-hardcore, alternative rock#['2002' '2014']
Fire From The Gods#post-screamo#['2017']
Fireworks#alternative emo, punk christmas#['2012']
First To Eleven#post-screamo#['2016']
Fishbone#funk metal, funk rock, rap rock, ska, ska punk#['1996' '2007']
Fit For a King#death core, melodic metalcore, metalcore, post-screamo, rap metal, screamo#['2014' '2015' '2017']
Five Iron Frenzy#christian alternative rock, christian punk, christian rock, ska, ska punk#['2002']
Five Knives#No data#['2013']
The F-Ups#pop punk#['2004']
The Flatliners#alternative emo, folk punk, melodic hardcore, orgcore, pop punk, punk, ska, ska punk, skate punk#['2006' '2007' '2008' '2009' '2010']
Flogging Molly#bow pop, celtic punk, celtic rock, comic, pop punk, punk, skate punk#['2000' '2001' '2002' '2003' '2004' '2007' '2009']
Florence#folk-pop, indie pop, pop#['2006']
Fluf#alternative pop#['1995' '1996']
The Fold#antiviral pop, christian alternative rock, christian christmas, christian rock, dreamo#['2007' '2011']
For All Those Sleeping#metalcore, pixie, post-screamo, punk christmas, screamo#['2014']
For The Foxes#electropowerpop, indie rockism#['2013']
For Today#christian hardcore, christian metal, death core, melodic metalcore, metalcore, screamo#['2012' '2014']
Forever Came Calling#alternative emo, anthem emo, pixie, pop emo, pop punk#['2010' '2013']
Forever The Sickest Kids#alternative pop rock, electropowerpop, emo, pixie, pop emo, pop punk, punk christmas, screamo#['2007' '2008' '2010' '2013']
Forget Me In Vegas#pop emo#['2011']
Four Year Strong#alternative emo, anthem emo, emo, melodic hardcore, metalcore, pixie, pop emo, pop punk, punk, screamo, skate punk#['2008' '2012' '2014' '2015' '2016']
Foxy Shazam#piano rock#['2011']
Freshman 15#deep pop punk, pop punk#['2011']
From Ashes To New#alternative metal, nu metal, post-grunge, post-screamo, rap metal, rap rock#['2016']
From Autumn to Ashes#emo, melodic metalcore, metalcore, post-hardcore, screamo#['2002' '2003' '2004' '2006']
From First to Last#emo, melodic metalcore, metalcore, pixie, pop punk, post-hardcore, progressive post-hardcore, punk christmas, screamo#['2004' '2005' '2006' '2008']
Fu Manchu#alternative metal, doom metal, funk rock, garage rock, grunge, neo-psychedelic, psychedelic doom, retro metal, sludge metal, stoner metal, stoner rock#['1998']
Funeral for a Friend#british alternative rock, emo, metalcore, pop punk, post-hardcore, punk christmas, screamo#['2005' '2007']
Funeral Party#dance-punk, new rave#['2012']
Futuristic#deep underground hip hop, dwn trap, pop rap, rap, underground pop rap#['2017']
G-Eazy#pop rap, rap, underground pop rap#['2012']
Gabe Kubanda#No data#['2013']
Gallows#british alternative rock, chaotic hardcore, melodic hardcore#['2007' '2009']
Gaslight Anthem#melodic hardcore, pop punk, punk, skate punk#['2008']
Gatsby's American Dream#Indie rock#['2005' '2006' '2011']
GBH#brazilian punk, crossover thrash, hardcore punk, oi, punk, ska punk, skate punk#['2008']
Germs#hardcore punk, punk#['2006' '2008']
Get Scared#emo, metalcore, otacore, pixie, pop punk, post-screamo, screamo#['2014']
The Get Up Kids#alternative emo, alternative rock, dreamo, emo, emo punk, indie pop, indie rock, melodic hardcore, pop punk, pop rock, post-hardcore, punk, skate punk#['1998']
The Ghost Inside#death core, melodic metalcore, metalcore, rap metal, screamo#['2012' '2014']
Ghost Town#pixie, screamo#['2014' '2016']
Gideon#christian hardcore, christian metal, death core, deep melodic metalcore, melodic metalcore, metalcore, progressive deathcore, screamo#['2016']
Gil Mantera's Party Dream#Synthpop, Electronica#['2008']
The Gilligans#No data#['2002']
Gin Wigmore#kiwi rock#['2013']
Glassjaw#alternative metal, dreamo, emo, mathcore, metalcore, nu metal, pop punk, post-hardcore, progressive post-hardcore, screamo#['2002' '2003']
Go Crash Audio#No data#['2007']
Go Jimmy Go#punk christmas, ska, ska punk, ska revival, traditional ska#['2004']
Go Radio#alternative pop rock, emo, pixie, pop emo, pop punk, punk christmas#['2011' '2013']
Gob#canadian indie, pop punk, punk, skate punk#['2000' '2002']
Godsmack#alternative metal, alternative rock, groove metal, nu metal, post-grunge, rap metal, rap rock, rock#['1998']
Gogol Bordello#garage rock#['2004']
Going Second#No data#['2004' '2005']
Goldfinger#heavy christmas, pop punk, pop rock, post-grunge, punk, punk christmas, ska, ska punk, skate punk#['2002' '2013' '2017']
Goldhouse#indie poptimism#['2013']
Good Charlotte#alternative metal, emo, pop punk, pop rock, post-grunge, punk#['2001' '2002' '2004' '2016']
Good Guys In Black#No data#['2011']
Good Riddance#hardcore punk, melodic hardcore, orgcore, pop punk, punk, ska punk, skate punk#['2000']
The Goodwill#Post-hardcore, Pop-punk#['2003']
The Gospel Youth#anthem emo, pixie#['2017']
The Graduate#dreamo#['2006']
Gratitude#emo, grunge pop#['2005']
Greek Fire#No data#['2013']
Greeley Estates#metalcore, post-hardcore, progressive post-hardcore, screamo#['2005' '2006' '2008']
The Green#polynesian pop, reggae rock#['2012']
Green Day#alternative rock, permanent wave, pop punk, pop rock, punk, rock#['2000']
Greg Wood#guitar case#['2003']
Grey Gordon#anthem emo#['2015']
Grieves with Budo#No data#['2011']
The Gufs#grunge pop#['2007']
Guttermouth#hardcore punk, melodic hardcore, pop punk, punk, ska, ska punk, skate punk#['2002' '2004' '2009']
Gwar#alternative metal, comic, crossover thrash, funk rock, groove metal, industrial metal, industrial rock, metal, nu metal, rap rock, speed metal, thrash metal#['2017']
Gym Class Heroes#dance pop, emo, pop, pop punk, pop rap#['2005' '2006' '2008' '2011']
Hail the Sun#dreamo, progressive post-hardcore, screamo#['2016']
Halifax#Pop punk, melodic hardcore, post-hardcore#['2005']
Handguns#alternative emo, anthem emo, melodic hardcore, pixie, pop emo, pop punk#['2013' '2015']
Hands Like Houses#metalcore, pixie, post-screamo, progressive post-hardcore, screamo#['2013' '2015' '2017']
Haste the Day#christian christmas, christian hardcore, christian metal, death core, heavy christmas, melodic metalcore, metalcore, punk christmas, screamo#['2007']
Hatebreed#alternative metal, groove metal, hardcore, industrial metal, melodic metalcore, metal, metalcore, nu metal, rap metal, rap rock#['1998' '2017']
Have Mercy#alternative emo, anthem emo, pixie, pop punk#['2015']
Hawthorne Heights#alternative metal, emo, metalcore, pixie, pop emo, pop punk, post-hardcore, screamo#['2005' '2007' '2013' '2017']
Heart To Heart#alternative emo, anthem emo, deep pop punk#['2014']
He Is Legend#christian metal, dreamo, mathcore, melodic metalcore, metalcore, post-hardcore, progressive post-hardcore, screamo#['2006']
Hed PE#alternative metal, funk rock, groove metal, industrial metal, nu metal, post-grunge, rap metal, rap rock#['1997']
The Heirs#No data#['2016']
Hello Beautiful#Alternative rock#['2009']
Hellogoodbye#emo, indie christmas, indie pop, pop emo, pop punk, pop rock, punk christmas#['2006' '2011']
Helmet#alternative metal, alternative rock, funk rock, groove metal, grunge, industrial metal, industrial rock, nu metal, post-grunge, post-hardcore, rap metal, rap rock, space rock, stoner rock#['2006']
Hepcat#rock steady, ska, ska punk, ska revival, traditional ska#['1998' '2000']
Heritage#dancehall, lovers rock, reggae, reggae fusion, roots reggae#['2013']
Hey Monday#alternative pop rock, candy pop, emo, pixie, pop emo, pop punk, post-teen pop, punk christmas#['2010']
HiFi Handgrenades#No data#['2008']
The Higher#emo, pop emo, pop punk#['2008']
High School Football Heroes#ska, ska punk#['2003' '2004' '2005' '2006']
Hit the Lights#alternative emo, anthem emo, emo, pixie, pop emo, pop punk, screamo#['2005' '2006' '2009']
Home Grown#emo, heavy christmas, pop punk, punk christmas, ska punk, skate punk#['1998' '2002']
Honor Bright#deep pop emo#['2008']
Hope#choral, classical performance, compositional ambient, minimal, violin#['2002']
Hopesfall#christian hardcore, mathcore, melodic metalcore, metalcore, post-hardcore, screamo#['2005']
Horrorpops#horror punk, psychobilly, rockabilly#['2005' '2008']
Hostage Calm#alternative emo, melodic hardcore#['2012']
Hot Rod Circuit#dreamo, emo, emo punk, pop punk, punk christmas#['2007']
Hot Water Music#alternative emo, emo, emo punk, folk punk, melodic hardcore, orgcore, pop punk, post-hardcore, punk, ska punk, skate punk#['2002']
H2O#hardcore, hardcore punk, melodic hardcore, pop punk, punk, ska punk, skate punk, straight edge#['1998' '1999' '2001' '2015']
The Human Abstract#christian metal, death core, djent, mathcore, melodic metalcore, metalcore#['2007' '2008']
Hundredth#alternative emo, anthem emo, metalcore, screamo, screamocore#['2015' '2017']
Hunter Revenge#Alternative rock, punk rock, horror punk, hardcore punk, R&B#['2008']
Hyro Da Hero#british alternative rock#['2012']
I Am the Avalanche#alternative emo, anthem emo, emo, melodic hardcore, pop punk#['2006' '2012']
I Am Ghost#metalcore, screamo#['2007']
I Call Fives#alternative emo, anthem emo, pixie, pop punk#['2012']
I Fight Dragons#antiviral pop, chiptune, comic, nintendocore, otacore, video game music#['2012' '2014']
I Killed The Prom Queen#death core, melodic metalcore, metalcore, screamo#['2015']
I Prevail#alternative metal, pixie, pop punk, rap metal, screamo#['2017']
I Set My Friends On Fire#electropowerpop, metalcore, nintendocore, progressive post-hardcore, screamo#['2009' '2011']
I See Stars#emo, metalcore, nintendocore, pixie, pop punk, post-screamo, screamo#['2010' '2013' '2016']
I, the Breather#christian hardcore, christian metal, death core, djent, melodic metalcore, metalcore, post-post-hardcore, post-screamo, rap metal, screamo#['2014']
I the Mighty#bay area indie, dreamo, pixie, post-screamo, progressive post-hardcore, screamo#['2014']
Ice Nine Kills#metalcore, pixie, pop punk, post-screamo, screamo#['2013' '2014' '2016']
Ice-T#chicano rap, gangster rap, hardcore hip hop, hip hop, old school hip hop, rap, west coast rap#['1999']
Icon For Hire#christian alternative rock, gothic alternative, otacore, pixie, pop emo, post-screamo#['2014' '2015']
illScarlett#canadian indie, punk christmas, reggae rock#['2007' '2011']
Immortal Technique#alternative hip hop, east coast hip hop, gangster rap, hardcore hip hop, hip hop, rap#['2005']
Impending Doom#christian hardcore, christian metal, death core, melodic metalcore, metalcore, progressive deathcore#['2012']
In Hearts Wake#Metalcore#['2016']
In this Moment#alternative metal, gothic symphonic metal, melodic metalcore, metalcore, nu metal, post-grunge, rap metal, rap rock#['2009']
Incubus#alternative metal, alternative rock, funk metal, funk rock, heavy christmas, nu metal, pop christmas, pop rock, post-grunge, rap metal, rock#['1998']
The Indecent#beats#['2013']
Indofin#No data#['1998']
InnerPartySystem#electropowerpop#['2009']
Insomniac#No data#['2015']
The (International) Noise Conspiracy#swedish indie rock#['2004']
The Interrupters#punk, ska, ska punk, skate punk#['2016']
Into It. Over It.#alternative emo, anthem emo, chicago indie, dreamo, emo, emo punk, melodic hardcore, pop punk#['2012']
Ionia#No data#['2012']
Isles#metalcore, progressive post-hardcore, screamo#['2015']
Issues#emo, metalcore, pixie, pop punk, post-screamo, screamo#['2013' '2014' '2016']
It Boys!#alternative pop rock, electropowerpop#['2011' '2012']
It Dies Today#christian christmas, christian hardcore, christian metal, death core, heavy christmas, melodic metalcore, metalcore, punk christmas, screamo#['2007']
It's Pouring on Our Heads#No data#['2002' '2003' '2004' '2005' '2006']
Itch#No data#['2013']
Ivens#No data#['2008']
ivy league#No data#['2010']
Iwrestledabearonce#death core, mathcore, melodic metalcore, metalcore, nintendocore, screamo#['2010' '2012']
Jacky Jasper#No data#['1999' '2001']
Jack's Mannequin#dreamo, emo, indie pop, neo mellow, piano rock, pop emo, pop punk, pop rock#['2008' '2011']
James Morris#deep groove house#['2015']
Jay Tea#No data#['2006']
Jeffree Star#electropowerpop, pixie, strut#['2008' '2009']
Jet Lag Gemini#deep pop emo#['2008' '2009']
Jimmy Eat World#alternative metal, alternative rock, emo, neo mellow, pop christmas, pop punk, pop rock, post-grunge, punk christmas#['2002']
Jimmy 2 Times#No data#['1997']
Joan Jett and the Blackhearts#Rock, hard rock, punk rock#['2006']
The Johnstones#punk christmas, ska, ska punk#['2006' '2007' '2008']
The Jukebox Romantics#No data#['2012']
Jule Vera#pixie, pop emo#['2015' '2017']
The Juliana Theory#christian punk, dreamo, emo, emo punk, pop punk#['2001']
Juliet Simms#deep talent show, pixie#['2013' '2015']
Jumping Monks#No data#['2003' '2004']
June#west coast trap#['2006']
June Divided#gothic alternative, pop emo#['2012']
The Junior Varsity#dreamo, emo, pop punk#['2005' '2006']
Just Surrender#emo, pop emo, pop punk, screamo#['2008']
Jurassic 5#alternative hip hop, gangster rap, hardcore hip hop, hip hop, rap, trip hop, turntablism#['2001']
Justina#No data#['2012']
K.Flay#escape room, hip pop, indie poptimism, indietronica#['2014']
K-os#alternative hip hop, canadian indie, hip hop, pop rap#['2007']
Kaddisfly#dreamo, progressive post-hardcore#['2007']
Kairo Kingdom#catstep, complextro, filthstep, zapstep#['2013']
Karate High School#Pop punk, post-hardcore, experimental rock, electronicore, power pop, Nintendocore, alternative rock#['2006' '2007']
The Karma Killers#indie rockism#['2015']
Katy Perry#dance pop, pop, pop christmas, post-teen pop#['2008']
Kaya Stewart#R&B, EDM, pop#['2015']
The Kenneths#No data#['2015']
Kid Rock#alternative metal, hard rock, nu metal, post-grunge, redneck, rock#['1998']
Killswitch Engage#alternative metal, groove metal, melodic metalcore, metalcore, nu metal, post-grunge, rap metal, rap rock#['2007']
Kiros#christian alternative rock, christian rock#['2005']
Knocked Loose#alternative emo, anthem emo, metalcore, screamo#['2017']
The Know How#Ska, pop punk#['2000' '2001' '2002' '2003' '2005']
Knuckle Puck#alternative emo, anthem emo, emo, pixie, pop punk, screamo#['2015' '2016']
Koji#No data#['2012' '2015']
Koo Koo Kanga Roo#Dance-pop, hip hop, synthpop, children's music#['2015']
Kool Keith#abstract hip hop, alternative hip hop, east coast hip hop, gangster rap, hardcore hip hop, hip hop, turntablism#['2001']
Kosha Dillz#Jewish hip hop#['2015']
Kottonmouth Kings#nu metal, rap metal, rap rock, redneck#['2000']
L7#alternative rock, electroclash, funk rock, grunge, post-grunge, punk, riot grrrl, rock#['1995']
Lagwagon#melodic hardcore, pop punk, punk, ska punk, skate punk#['1997' '2002']
Large Marge#No data#['2004']
Larry And His Flask#folk punk, ska punk#['2011']
Lars Frederiksen and the Bastards#oi, punk, ska, ska punk, skate punk#['2004']
Last Great Assault#No data#['2008']
Latex Generation#punk rock#['1997' '1998']
L.E.S. Stitches#No data#['1998']
Le Castle Vania#Electronica, alternative dance, electronic rock#['2015']
Lee Corey Oswald#No data#['2015']
Less Than Jake#emo, melodic hardcore, pop punk, pop rock, post-grunge, punk, ska, ska punk, skate punk#['1997' '1999' '2001' '2003' '2006' '2009' '2011' '2014' '2016']
The Letters Organize#Hardcore punk, Post-hardcore#['2005']
Letter Kills#emo, pop punk, screamo#['2004']
Life on the Sideline#No data#['2014']
LIGHTS#indie pop, indie r&b, indietronica#['2010']
Like Moths to Flames#death core, melodic metalcore, metalcore, pixie, post-screamo, screamo#['2013']
Like Pacific#alternative emo, anthem emo, pixie, pop punk#['2016']
Lillix#candy pop, post-teen pop, power-pop punk#['2002']
Limp Bizkit#alternative metal, alternative rock, funk metal, nu metal, pop punk, post-grunge, rap metal, rap rock, rock, wrestling#['1997']
Linkin Park#alternative metal, nu metal, post-grunge, rap metal#['2014']
Lionize#reggae rock#['2011' '2014']
Lionz of Zion#No data#['2013']
The Living End#australian alternative rock, australian pop, pop punk, punk, skate punk#['1999' '2001' '2006']
Living With Lions#alternative emo, anthem emo, melodic hardcore, pop punk#['2012']
Long Beach Dub All-Stars#Reggae, ska, dub, punk rock#['2000' '2001']
Longway#crunk, deep southern trap, deep trap, dirty south rap, dwn trap, gangster rap, rap, southern hip hop, trap music#['2009']
Look What I Did#mathcore#['2007']
The Lordz#Hip hop, Mafioso rap, Alternative rock, Punk rock, Rap rock, East Coast hip hop#['2008']
Loser's Luck#No data#['2004' '2005']
The Lost Boys#No data#['2014']
Lost In Atlantis#No data#['2013']
Lost In Society#No data#['2012' '2014']
Lost Point#No data#['2008']
Lostprophets#alternative metal#['2012']
Love Equals Death#melodic hardcore, punk, skate punk#['2005' '2006' '2008']
Lucero#Alternative country, Punk rock, Alternative rock, Heartland rock, Memphis soul, Country punk, Blues rock#['2011']
Luckie Strike#No data#['2000' '2001' '2002']
Ludo#pop punk#['2006' '2007' '2008']
Lunachicks#power-pop punk, riot grrrl#['2000']
M4Sonic#catstep#['2015']
Mac Lethal#abstract hip hop, underground pop rap, underground rap#['2013']
Machine Gun Kelly#pop rap, rap, southern hip hop, trap music#['2012']
Machree#No data#['2011']
Macy Kate#channel pop, viral pop#['2015']
Mad Caddies#melodic hardcore, punk, ska, ska punk, skate punk#['1998' '2003']
Madcap#pop punk#['2001']
Madchild#rap rock#['2013']
Madina Lake#emo, pop emo, pop punk, screamo#['2008' '2009' '2011']
Mae#indie rock, emo#['2004' '2005']
The Maine#alternative pop rock, emo, neo mellow, pixie, pop, pop emo, pop punk, pop rock, post-teen pop, punk christmas#['2007' '2008' '2009' '2014' '2016']
Major League#alternative emo, anthem emo, melodic hardcore, pixie, pop punk#['2015']
Make Do and Mend#alternative emo, melodic hardcore#['2012']
Mallory Knox#alt-indie rock, british alternative rock, pixie#['2015']
Man Overboard#alternative emo, anthem emo, emo, melodic hardcore, pixie, pop emo, pop punk, punk christmas, screamo#['2012' '2013' '2015']
Manic Hispanic#hardcore punk#['2002' '2007']
Manic Sewing Circle#punk ska#['2006' '2007']
Marina City#pixie#['2016']
Marissa Mishelle#No data#['2008']
Marmozets#alt-indie rock, british alternative rock, pop emo#['2014']
Masked Intruder#folk punk, melodic hardcore, orgcore, pop punk, power-pop punk, punk, punk christmas, ska punk, skate punk#['2016']
Massive Monkees#Breaking#['2008']
Matchbook Romance#emo, pop punk, post-hardcore, screamo#['2003' '2005' '2015']
The Matches#deep new americana, modern blues, new americana#['2004' '2005' '2007']
Matisyahu#reggae fusion#['2008']
Matt Toka#No data#['2012']
Mayday Parade#emo, neo mellow, pixie, pop emo, pop punk, pop rock, screamo#['2007' '2008' '2010' '2012' '2014' '2016']
Maylene & The Sons Of Disaster#christian hardcore, christian metal, melodic metalcore, metalcore, screamo#['2007' '2008']
MC Chris#comic, nerdcore#['2007' '2008' '2014']
MC Lars#comic, nerdcore#['2013' '2015']
MC Lars with Weerd Science#Hip hop, rock, alternative rock, progressive rock, new prog#['2011' '2012']
Medium Troy#No data#['2008']
Me First and the Gimme Gimmes#comic, heavy christmas, melodic hardcore, pop punk, punk, punk christmas, ska, ska punk, skate punk#['2001' '2003']
Me Like Bees#No data#['2014']
Meg & Dia#candy pop, pop christmas, pop emo, punk christmas, slc indie#['2007' '2009']
Meghann Wright#No data#['2015']
Memphis May Fire#metalcore, pixie, post-screamo, rap metal, screamo#['2012' '2013' '2015' '2017']
The Menzingers#alternative emo, anthem emo, emo, indie punk, melodic hardcore, orgcore, pop punk, punk, skate punk#['2011']
Mestmothe#Pop punk, punk rock, ska punk, alternative rock, melodic hardcore#['2003' '2005' '2013']
Metro Station#electropowerpop, emo, pixie, pop punk, punk christmas#['2015']
MewithoutYou#alternative emo, dreamo, emo, indie folk, progressive post-hardcore, screamo#['2006']
M.I.A.#alternative dance, dance pop, escape room, hip pop, indie r&b, new rave, pop#['2008']
Microwave#alternative emo, anthem emo, dreamo, emo, pixie, pop punk, progressive post-hardcore, screamo#['2017']
Middleground#No data#['2002']
Middle Class Rut#stomp pop#['2011']
Middle Finger Salute#Punk rock, pop punk, alternative rock#['2008' '2009' '2013']
Midnight To Twelve#grunge pop, hard alternative#['2008']
Midtown#emo, pop punk, skate punk#['2001' '2003']
MI6#No data#['2002']
The Mighty Mighty Bosstones#alternative rock, boston rock, heavy christmas, pop punk, pop rock, punk, punk christmas, ska, ska punk, skate punk#['1996' '1997' '2000' '2002']
Mighty Mongo#No data#['2012' '2013']
Mike Posner#dance pop, pop, pop rap, post-teen pop, tropical house#['2010']
Mike Watt + The Missingmen#Punk rock, hardcore punk, post-punk, alternative rock, art rock#['2008']
Millencolin#melodic hardcore, pop punk, punk, skate punk#['1997' '2000' '2005']
Millionaires#strut#['2009']
Miracle Dolls#No data#['2008']
The Misfits#Horror punk, hardcore punk, punk rock#['2001']
Miss May I#death core, melodic metalcore, metalcore, post-screamo, rap metal, screamo#['2011' '2012' '2015']
Mixtapes#alternative emo, anthem emo, folk punk, melodic hardcore, orgcore, pop punk#['2013' '2014']
Mo Bigsley#No data#['2008']
Mod Sun#underground pop rap#['2012' '2014' '2015']
Moe Pope#flick hop, underground rap#['2008']
Mojo Morgan#No data#['2011']
Molotov#deep latin hip hop, latin alternative, latin hip hop, rock en espanol#['1999']
Moments in Grace#grunge pop#['2004']
Moneen#dreamo, emo, emo punk, pop punk, screamo#['2006']
Montage#baile funk#['2017']
Monty are I#No data#['2007' '2009']
Moose Blood#alternative emo, anthem emo, emo, pixie, pop punk#['2015']
More To Monroe#No data#['2016']
Morgan Heritage#dancehall, lovers rock, reggae, reggae fusion, roots reggae#['2000']
Mother Feather#indie punk#['2016']
Motion City Soundtrack#emo, pop punk, pop rock, screamo#['2002' '2003' '2004' '2005' '2006' '2008' '2009' '2010' '2013' '2015']
Motionless in White#alternative metal, melodic metalcore, metalcore, nu metal, pixie, post-screamo, rap metal, rap rock, screamo#['2006' '2007' '2008' '2010' '2011' '2012' '2014' '2016']
Movements#alternative emo, anthem emo, pixie, progressive post-hardcore#['2017']
The Movielife#alternative emo, emo, emo punk, melodic hardcore, pop punk, skate punk#['2002']
Moving Mountains#alternative emo, anthem emo, dreamo, emo punk, post rock, progressive post-hardcore, screamo#['2011']
The Muffs#alternative pop, power-pop punk#['2000']
Municipal Waste#crossover thrash, death metal, groove metal, hardcore punk, metal, punk, rva indie, speed metal, thrash metal#['2017']
Murder City Devils#garage rock, hardcore punk, post-hardcore, punk, punk blues#['1997']
Mushroomhead#alternative metal, groove metal, industrial metal, industrial rock, melodic metalcore, metalcore, nu metal, post-grunge, rap metal, rap rock#['1996']
Mutemath#christian alternative rock, dreamo, indie pop#['2006']
MxPx#christian christmas, christian punk, emo, heavy christmas, melodic hardcore, pop punk, pop rock, punk, punk christmas, ska, ska punk, skate punk#['1998' '2000' '2002' '2005' '2007']
My American Heart#punk christmas#['2005' '2007']
My Arcadia#pop emo#['2011']
My Chemical Romance#emo, pop punk, punk christmas, screamo#['2004' '2005']
Naked Walrus#No data#['2014' '2017']
The Narrative#dreamo#['2011']
Near Miss#fast melodic punk, melodic hardcore#['2005']
Neck Deep#alternative emo, anthem emo, emo, pixie, pop punk, screamo#['2014' '2015' '2016' '2017']
Neo Geo#No data#['2011' '2012']
N.E.R.D#hip hop, indie r&b, pop rap, rap#['2002']
Never Shout Never#alternative pop rock, emo, pixie, pop punk, post-teen pop#['2010' '2013' '2015' '2017']
New Beat Fund#No data#['2013' '2015']
New Empire#Pop rock, Rock, pop, alternative#['2013']
New Found Glory#emo, heavy christmas, pixie, pop punk, pop rock, post-grunge, punk, punk christmas, screamo, skate punk#['2001' '2002' '2004' '2007' '2012' '2016']
The New Low#post-screamo#['2016']
The New Sincerity#No data#['2006']
New Years Day#candy pop, emo, pixie, pop emo, pop punk, screamo#['2007' '2011' '2013' '2015' '2017']
Night Argent#No data#['2015' '2016']
Night Riots#indie pop, indie poptimism, indie psych-rock, indie rockism, indietronica, shimmer pop#['2015']
NiT GriT#brostep, filthstep, glitch hop#['2014']
No Bragging Rights#metalcore, screamo#['2013']
No Doubt#alternative rock, dance pop, permanent wave, pop, pop christmas, pop rock, post-grunge, punk christmas#['1995' '2000']
NOFX#alternative rock, heavy christmas, melodic hardcore, pop punk, punk, punk christmas, skate punk#['1996' '1998' '2000' '2002' '2004' '2006' '2009']
No Man's Land#No data#['2003' '2004']
Nonpoint#alternative metal, groove metal, industrial metal, latin metal, melodic metalcore, metalcore, nu metal, post-grunge, rap metal, rap rock#['2005']
Norma Jean#christian hardcore, christian metal, death core, djent, dreamo, mathcore, melodic metalcore, metalcore, post-hardcore, progressive post-hardcore, screamo#['2007' '2008']
No Use for a Name#emo, melodic hardcore, pop punk, punk, ska punk, skate punk#['1995' '1998' '2002' '2005']
Nothington#alternative emo, folk punk, melodic hardcore, orgcore, power-pop punk, punk, skate punk#['2007']
Now On#post-post-hardcore, post-screamo#['2008']
Obtik#No data#['2001']
Oceana#No data#['2008']
Oceans Ate Alaska#death core, metalcore, post-post-hardcore, post-screamo, screamo#['2016']
Of Mice & Men#alternative metal, emo, metalcore, pixie, pop punk, post-screamo, rap metal, screamo#['2010' '2011' '2012' '2014']
The Offspring#alternative metal, alternative rock, permanent wave, pop punk, pop rock, post-grunge, punk, rock, skate punk#['2005']
Oh No Fiasco#No data#['2012']
Oh, Sleeper#christian hardcore, christian metal, death core, dreamo, melodic metalcore, metalcore, progressive post-hardcore, screamo#['2013']
Old Wounds#chaotic hardcore#['2016']
On The Surface#No data#['2008']
Onward, Etc.#No data#['2015']
Oneyedjacks#No data#['2005']
One Last Shot#No data#['2017']
One Minute Silence#alternative metal, groove metal, industrial metal, nu metal, rap metal, rap rock#['2000']
One Ok Rock#anime, j-metal, j-pop, j-rock, otacore#['2014']
Only Crime#fast melodic punk, melodic hardcore, orgcore, punk, skate punk#['2007']
Orange 9mm#rap metal, rap rock#['1995' '1997']
Ore Ska Band#J-ska, ska punk, pop punk#['2008']
Othello#No data#['2008']
Our Last Night#emo, metalcore, pixie, pop punk, post-screamo, rap metal, screamo#['2015' '2017']
Outasight#underground pop rap#['2013']
Over It#alternative emo, anthem emo, chicago indie, dreamo, emo, emo punk, melodic hardcore, pop punk#['2004' '2005' '2006']
Owen Plant#No data#['2012']
Ozma#Alternative rock, power pop, indie pop, pop punk#['2002']
P.O.S#abstract hip hop, escape room, underground rap#['2009']
Pacific Dub#reggae rock#['2013' '2014']
Paige Wood#No data#['2008']
Palaye Royale#pixie, vegas indie#['2016']
Panima#deep pop emo, pop emo#['2008']
Papa Roach#alternative metal, alternative rock, nu metal, pop punk, post-grunge, rap metal, rap rock, rock#['2000']
Paramore#candy pop, emo, pop, pop emo, pop punk#['2005' '2006' '2007' '2008' '2009' '2011']
Parkway Drive#alternative metal, groove metal, melodic metalcore, metalcore, nu metal, rap metal, screamo#['2007' '2010' '2014']
Passafire#reggae rock#['2011']
Patent Pending#pixie, pop emo, pop punk#['2008']
Pathway To Providence#No data#['2006']
Pato#dancehall, lovers rock, reggae, reggae fusion, roots reggae#['2008']
Peelander-Z#j-punk#['2011']
Pendleton#Punk rock, Skate punk#['2007']
Pennywise#melodic hardcore, pop punk, punk, skate punk#['1996' '1997' '1999' '2001' '2003' '2007' '2008' '2010']
Pepper#reggae rock#['2004' '2007' '2011' '2016']
Permanent Bastards#deep orgcore#['2011']
Peter DiStefano#No data#['2008']
Phathom#No data#['2006' '2007' '2008' '2009']
The Photo Atlas#Indie rock, Dance-punk#['2007']
Pierce the Veil#metalcore, pixie, pop punk, screamo#['2008' '2010' '2012' '2015']
Pietasters#ska, ska punk, ska revival, traditional ska#['1998']
The Pinker Tones#spanish rock#['2008']
The Pink Slips#No data#['2016']
The Pink Spiders#pop punk#['2006' '2008']
Piotta#italian hip hop, italian pop#['2008']
Pistolita#Indie rock, Piano rock, Progressive, Emo#['2006' '2007']
Places And Numbers#No data#['2011']
Plague Vendor#indie punk#['2014']
Plain White T's#emo, neo mellow, pop, pop christmas, pop punk, pop rock, post-teen pop, punk christmas#['2005' '2006']
Planet Smashers#ska, ska punk, ska revival#['2011']
Playboy Manbaby#No data#['2017']
PlayRadioPlay#alternative pop rock#['2007']
Poison the Well#chaotic hardcore, christian hardcore, death core, mathcore, melodic metalcore, metalcore, post-hardcore, screamo#['2003' '2007']
Polar Bear Club#alternative emo, anthem emo, emo, melodic hardcore, orgcore, pop punk, skate punk#['2012']
Pour Habit#fast melodic punk, melodic hardcore, skate punk#['2011']
Preston#chicago soul, classic funk rock, disco, funk, funk rock, jazz blues, memphis soul, motown, new orleans blues, quiet storm, soul, soul blues, southern soul#['2005']
The Pretty Reckless#alternative metal, candy pop, pop, pop punk, post-grunge, post-teen pop#['2010']
Prof#abstract hip hop, underground pop rap, underground rap#['2016']
Protest The Hero#canadian metal, death core, djent, jazz metal, mathcore, melodic metalcore, metalcore, post-hardcore, progressive metal, progressive post-hardcore, screamo#['2006' '2007' '2008']
The Protomen#comic, deep chiptune, video game music#['2014']
Psycho White#No data#['2013']
Psychotic 4#No data#['2006']
Pull The Pin#No data#['2008']
PVRIS#emo, indie poptimism, pixie, pop, pop emo, pop punk, screamo#['2013' '2014' '2015' '2016']
Quarashi#icelandic pop, rap metal, rap rock#['2002']
Quicksand#emo, emo punk, grunge, hardcore, math rock, mathcore, melodic hardcore, post-hardcore, space rock, straight edge#['1995']
Railroad To Alaska#No data#['2011']
Rancid#alternative rock, funk rock, pop punk, punk, ska, skate punk#['1998' '2001' '2003']
The Randies#power-pop punk#['2008']
Rapid Decline#No data#['2011']
RDGLDGRN#Hip hop, indie rock, alternative rock, go-go#['2013']
The Ready Set#alternative pop rock, emo, indie poptimism, pixie, pop, pop emo, pop punk, post-teen pop, punk christmas, teen pop, viral pop#['2011' '2014']
Real Friends#alternative emo, anthem emo, emo, pixie, pop punk, screamo#['2013' '2014' '2016']
Real McKenzies#celtic rock, punk, skate punk#['2007']
The Receiving End of Sirens#dreamo, post-hardcore, progressive post-hardcore, screamo#['2005']
Reckless Serenade#anthem emo#['2016']
The Recovering#No data#['2008']
Red Car Wire#alternative pop rock#['2008']
Red Five#bubble trance#['1996']
The Red Jumpsuit Apparatus#alternative metal, christian alternative rock, emo, metalcore, neo mellow, pixie, pop punk, pop rock, post-grunge, screamo#['2005' '2006' '2007']
Reel Big Fish#comic, pop punk, pop rock, post-grunge, punk, ska, ska punk, skate punk#['1997' '2002' '2008' '2009' '2010' '2013' '2016']
Reggie and the Full Effect#emo, emo punk, pop punk, post-hardcore, screamo#['2005']
Relient K#ccm, christian alternative rock, christian christmas, christian music, christian punk, christian rock, emo, indiecoustica, neo mellow, pop christmas, pop punk, pop rock, punk christmas, worship#['2005' '2008' '2011' '2013']
Remsa 'n Event#No data#['2007']
Rev 9#No data#['2003']
Reverend Horton Heat#funk rock, garage rock, psychobilly, punk, punk blues, rockabilly, surf music#['1998']
Revolution Mother#No data#['2007' '2008']
Rise Against#alternative metal, hardcore punk, nu metal, pop punk, post-grunge, punk#['2004' '2006' '2008' '2012']
Rise To Remain#melodic metalcore, metalcore#['2012']
The Riverboat Gamblers#Punk rock, garage rock, alternative rock#['2005' '2017']
River City Extension#Indie folk, Alternative rock#['2011']
Roam#alternative emo, anthem emo, pixie, pop punk#['2016']
Rocket from the Crypt#alternative rock, garage rock, math rock, post-hardcore, punk, punk blues, punk christmas#['1996']
The Rocket Summer#alternative pop rock, dreamo, emo, neo mellow, piano rock, pop christmas, pop emo, pop punk, pop rock, punk christmas#['2007' '2010']
Roger Miret and the Disasters#oi#['2005']
Rollins Band#funk metal, funk rock, grunge, punk, rap rock#['2001']
Roses Are Red#screamo#['2004' '2005']
Royal Crown Revue#swing, traditional swing#['1998']
Rufio#emo, melodic hardcore, pop punk, punk, screamo, skate punk#['2004' '2005']
Run DMT#indie dream pop, vaporwave#['2013']
Rx Bandits#dreamo, pop punk, progressive post-hardcore, ska, ska punk#['2002']
Ryan Cassata#Folk rock, indie, alternative#['2013']
Safe To Say#alternative emo, anthem emo#['2016']
Saint Alvia#Rock, Punk, Reggae#['2008']
The Salads#Ska punk, reggae fusion, punk rock#['2004' '2005' '2006' '2007']
Sammy Adams#pop rap, underground pop rap#['2017']
Sarah and the Safe Word#No data#['2017']
Save Ferris#ska, ska punk#['1998' '2000' '2017']
Saves the Day#alternative emo, dreamo, emo, melodic hardcore, pop punk, pop rock, post-hardcore, screamo, skate punk#['2000' '2006' '2014']
Saosin#dreamo, emo, metalcore, pop punk, post-hardcore, progressive post-hardcore, screamo#['2005' '2009']
Saving Grace#christian hardcore, christian metal#['2009']
Say Anything#alternative emo, dreamo, emo, pop punk, pop rock, screamo#['2008']
Say No More#deep pop emo, pop emo#['2008']
SayWeCanFly#pixie, pop emo#['2015' '2016']
Say When#No data#['2009']
Scare Don't Fear#Rap metal#['2014']
Scary Kids Scaring Kids#emo, metalcore, pop punk, post-hardcore, progressive post-hardcore, screamo#['2005' '2007' '2009']
The Scissors#No data#['2012']
Seaway#alternative emo, anthem emo, pixie, pop emo, pop punk#['2015']
Seaweed#emo, emo punk, grunge, math rock, post-hardcore#['1995']
Secret Broadcast#No data#['2007']
The Secret Handshake#alternative pop rock, electropowerpop#['2008']
SECRETS#metalcore, pixie, post-post-hardcore, post-screamo, progressive post-hardcore, screamo#['2013' '2014' '2016']
Senses Fail#emo, metalcore, pop punk, post-hardcore, screamo#['2002' '2004' '2005' '2008' '2012' '2015']
Separations#post-post-hardcore, post-screamo#['2017']
Set It Off#electropowerpop, emo, otacore, pixie, pop punk, punk christmas#['2013' '2015' '2016']
Set Your Goals#alternative emo, anthem emo, emo, melodic hardcore, pop punk, post-hardcore, screamo, skate punk#['2007' '2008' '2010' '2011' '2015' '2016']
Settings#orgcore#['2008']
Sevendust#alternative metal, alternative rock, groove metal, industrial metal, melodic metalcore, metalcore, nu metal, post-grunge, rap metal, rap rock#['1999']
Shad#deep trap, trap music#['2009']
Sharks#death core, melodic metalcore, metalcore, post-screamo, screamo#['2011']
Shattered Sun#Heavy metal, thrash metal, metalcore#['2017']
The Sheds#alternative emo#['2011']
Shinobi Ninja#Rock, Hip Hop, Metal, Punk, Reggae, Funk, Electronic#['2011' '2014']
Shira#No data#['2011']
Shiragirl#riot grrrl#['2004' '2005' '2006' '2015']
Shooter Jennings#alternative country, country rock, outlaw country, redneck, southern rock, texas country, traditional country#['2009']
Shot In The Dark#No data#['2014']
Shut Up And Deal#No data#['2011']
Shwayze#pop rap, underground pop rap#['2008']
Shy KidX#No data#['2013']
Sick City#deep pop emo#['2008']
Sick of It All#alternative metal, crossover thrash, groove metal, hardcore, hardcore punk, melodic hardcore, punk, rap metal, rap rock, ska punk, skate punk, straight edge#['1995' '1997' '2017']
Sick of Sarah#Power Pop, Indie Rock#['2011' '2012']
Silent Planet#christian hardcore, christian metal, metalcore, post-screamo, progressive post-hardcore, screamo#['2016' '2017']
The Silver Comet#No data#['2012']
Silverstein#emo, metalcore, pixie, pop punk, post-hardcore, screamo#['2004' '2005' '2006' '2009' '2012' '2013' '2015' '2017']
Simple Plan#emo, heavy christmas, neo mellow, pop, pop punk, pop rock, post-grunge, post-teen pop, punk christmas#['1999' '2000' '2001' '2002' '2003' '2004' '2005' '2010' '2011' '2012'
 '2015']
Sing It Loud#alternative pop rock, pop emo, pop punk#['2009']
Single File#pop punk#['2006' '2008']
Six Feet Under#alternative metal, brutal death metal, death metal, deathgrind, grindcore, groove metal, latin metal, melodic metalcore, metal, nu metal, rap metal, rap rock, speed metal, technical death metal, thrash metal#['2000']
Skarhead#crossover thrash, hardcore, straight edge#['2000']
Skavoovie and the Epitones#ska punk, traditional ska#['1998']
Skeet Skeet#No data#['2008']
Skindred#alternative metal, groove metal, heavy christmas, industrial metal, nu metal, post-grunge, rap metal, rap rock, welsh rock#['2005']
Skinny Lister#Folk, Indie folk#['2012']
Skip The Foreplay#post-post-hardcore, post-screamo, screamo#['2012']
Sky Eats Airplane#metalcore, nintendocore, progressive post-hardcore, screamo#['2008']
Sleeper Agent#Alternative rock#['2014']
Sleeper Set Sail#No data#['2005']
The Sleeping#post-hardcore, progressive post-hardcore, screamo#['2006']
Sleeping With Sirens#metalcore, pixie, pop emo, pop punk, screamo#['2012' '2013' '2014' '2015' '2016']
Sleepwalker#german hip hop#['2012']
The Smashup#punk christmas#['2006']
The Smooths#punk ska, ska punk#['1998']
Snapcase#emo, emo punk, hardcore, mathcore, melodic hardcore, metalcore, post-hardcore, rap metal, straight edge#['1998' '2000']
Snot#alternative metal, funk metal, funk rock, groove metal, industrial metal, nu metal, rap metal, rap rock#['1997']
So Long Arletta#No data#['2011']
So They Say#Alternative rock, pop rock, post-hardcore, pop punk#['2006' '2007']
Social Distortion#alternative rock, pop punk, punk, rock, skate punk#['1997']
Someday Never#deep pop emo#['2005' '2006']
Something Corporate#dreamo, emo, neo mellow, piano rock, pop christmas, pop emo, pop punk, pop rock, punk christmas#['2002' '2003' '2005']
Somerset#No data#['2002']
Sonic Boom Six#ska, ska punk#['2017']
The Sounds#metropopolis, swedish alternative rock, swedish indie rock#['2004' '2006']
The Specials#britpop, dance rock, madchester, new romantic, new wave, new wave pop, post-punk, punk, reggae, ska, ska punk, ska revival#['1998']
The Spill Canvas#dreamo, emo, pop emo, pop punk, pop rock, punk christmas, screamo#['2007']
Spring Heeled Jack#ska, ska punk#['1999']
Sprout#art rock, britpop, chamber pop, dance rock, madchester, melancholia, new romantic, new wave, new wave pop, synthpop, uk post-punk#['2001']
Stacked Like Pancakes#Ska, brass-rock, rock#['2015' '2017']
Staind#alternative metal, alternative rock, nu metal, pop rock, post-grunge, rap metal, rap rock, rock#['1998']
The Starting Line#alternative emo, anthem emo, dreamo, emo, pop emo, pop punk, pop rock, screamo#['2002' '2003' '2005' '2007']
State Champs#alternative emo, anthem emo, deep pop punk, emo, pixie, pop emo, pop punk#['2014' '2016']
Staylefish#reggae rock#['2008' '2009']
Stepdad#metropopolis, shimmer pop#['2012']
Stephan Jacobs#glitch hop#['2013']
Stephen Jerzak#alternative pop rock, electropowerpop#['2011']
Stick to Your Guns#death core, melodic hardcore, melodic metalcore, metalcore, screamo#['2008' '2013' '2017']
Still Remains#christian hardcore, christian metal, groove metal, melodic death metal, melodic metalcore, metalcore, screamo#['2007']
The Stingrays#No data#['2000']
Story of the Year#alternative metal, christian alternative rock, emo, melodic metalcore, metalcore, nu metal, pop punk, post-grunge, rap metal, rap rock, screamo#['2002' '2003' '2004' '2005' '2008' '2013']
The Story So Far#alternative emo, anthem emo, emo, pixie, pop punk, screamo#['2013' '2014' '2016']
Strangers You Know#indie poptimism, indie psych-rock, indie rockism#['2014' '2015']
Strawberry Blondes#No data#['2013']
Stray from the Path#death core, djent, mathcore, melodic metalcore, metalcore, rap metal, screamo#['2014']
Straylight Run#dreamo, emo, piano rock, pop punk#['2007']
Street Dogs#melodic hardcore, oi, punk, ska, ska punk, skate punk#['2008' '2011' '2017']
Street Drum Corps#Alternative rock, experimental rock, punk revival, industrial#['2007' '2008']
Streetlight Manifesto#comic, pop punk, punk, ska, ska punk, skate punk#['2009' '2010' '2012' '2017']
Stretch Armstrong#No data#['2004']
Strike Anywhere#alternative emo, emo, folk punk, melodic hardcore, orgcore, pop punk, punk, rva indie, ska punk, skate punk#['2005']
Strung Out#melodic hardcore, pop punk, punk, ska punk, skate punk#['1997' '2004' '2005' '2017']
Stutterfly#screamo#['2005']
Sublime#alternative rock, funk rock, pop rock#['1995']
Suburban Legends#ska, ska punk#['2005']
Sugarcult#emo, pop punk, pop rock, post-grunge, screamo, skate punk#['2001' '2004']
Sugar Ray#alternative metal, alternative rock, funk metal, funk rock, neo mellow, pop christmas, pop punk, pop rock, post-grunge, punk christmas, rock#['1997']
Suicidal Tendencies#alternative metal, crossover thrash, funk metal, funk rock, groove metal, grunge, hardcore punk, metal, nu metal, punk, rap metal, rap rock, rock, skate punk, speed metal, thrash metal#['1999']
Suicide Machines#folk punk, hardcore punk, melodic hardcore, orgcore, pop punk, punk, ska, ska punk, skate punk#['1996' '2000' '2003' '2005' '2017']
Suicide Silence#alternative metal, death core, groove metal, melodic metalcore, metalcore, nu metal, pixie, rap metal, screamo#['2010']
The Suit#No data#['2011']
Sum 41#alternative metal, nu metal, pop punk, post-grunge, punk, rap rock#['2001' '2003' '2007' '2009' '2010' '2011' '2016']
The Summer Set#alternative pop rock, emo, neo mellow, piano rock, pixie, pop, pop emo, pop punk, pop rock, post-teen pop, punk christmas, teen pop, viral pop#['2010' '2013' '2014' '2016']
The Sunstreak#No data#['2006']
Supe#hard alternative#['2008']
Super Water Sympathy#Alternative Rock, Shimmer-Pop#['2012' '2013']
Supernova#Pop punk, punk rock#['1995' '2007']
Survive This!#post-screamo#['2014']
The Swellers#alternative emo, anthem emo, emo, melodic hardcore, pop punk, skate punk#['2013']
Swingin' Utters#hardcore punk, melodic hardcore, orgcore, power-pop punk, punk, ska punk, skate punk#['1995' '1998']
Switched#alternative metal, groove metal, industrial metal, nu metal, rap metal, rap rock#['2001' '2002']
Sworn In#death core, metalcore, progressive deathcore, screamo#['2017']
Sydney#deep indie r&b, escape room, hip hop, indie r&b, neo soul, r&b#['2006']
Sykes#dance pop, pop, post-teen pop, teen pop, viral pop#['2016']
Sylar#post-screamo, screamo#['2017']
T. Mills#pop rap#['2012']
Taking Back Sunday#emo, pop punk, pop rock, post-grunge, screamo#['2003' '2004' '2012']
Talib Kweli#alternative hip hop, dirty south rap, east coast hip hop, hardcore hip hop, hip hop, pop rap, rap, southern hip hop#['2006']
TAT#skate punk#['2006' '2008' '2009' '2015']
Taylor Thrash#alternative pop rock#['2012']
Teenage Bottlerocket#folk punk, melodic hardcore, orgcore, pop punk, power-pop punk, punk, ska, ska punk, skate punk#['2014' '2016']
Ten Second Epic#Alternative rock#['2012']
Terrible Things#pop punk#['2011']
Terror#indie poptimism, pop, post-teen pop, teen pop#['2014']
Tess Dunn#No data#['2009' '2010' '2011' '2012' '2013' '2014' '2015']
Texas in July#christian hardcore, christian metal, death core, melodic metalcore, metalcore, screamo#['2013']
There For Tomorrow#christian alternative rock, emo, pixie, pop emo, pop punk, screamo#['2011']
They All Float#No data#['2012']
Thirty Seconds to Mars#alternative metal, alternative rock, nu metal, pop punk, post-grunge#['2007']
This Wild Life#alternative emo, anthem emo, pixie, pop emo, pop punk, screamo#['2014' '2015']
Thrice#alternative metal, dreamo, emo, metalcore, nu metal, pop punk, post-grunge, post-hardcore, punk, screamo, skate punk#['2001' '2002' '2003' '2005' '2008']
Throwdown#alternative metal, christian hardcore, groove metal, hardcore, melodic metalcore, metalcore, nu metal, rap metal, rap rock, straight edge#['2007']
Throw The Fight#hard alternative, post-screamo#['2007']
Thursday#alternative emo, dreamo, emo, pop punk, post-hardcore, progressive post-hardcore, screamo#['2002' '2004' '2006']
Tiger Army#horror punk, psychobilly, punk, rockabilly, ska punk, skate punk#['2002' '2004' '2007']
Tillie#indie rockism#['2017']
Tilt#deep uplifting trance, epicore#['1995' '1998']
Tip the Van#punk ska, ska, ska punk#['2005' '2006']
Title Fight#alternative emo, anthem emo, emo, indie punk, melodic hardcore, pop punk, screamo#['2007' '2012']
To The Wind#anthem emo, deep melodic metalcore#['2014']
Tomorrow's Bad Seeds#No data#['2011' '2012']
Tonight Alive#candy pop, emo, pixie, pop emo, pop punk, screamo#['2012' '2013' '2016']
Tony D'Angelo#No data#['2012']
Too Close to Touch#anthem emo, pixie, post-screamo, progressive post-hardcore, screamo#['2016' '2017']
Tornado Rider#No data#['2011']
Total Chaos#austrian hip hop, crossover thrash, crust punk, hardcore punk, oi, punk, skate punk#['2007']
Trading Bryson#No artist data#['1997']
Transit#alternative emo, anthem emo, emo, melodic hardcore, pixie, pop emo, pop punk, screamo#['2012' '2015']
Transplants#pop punk, punk, ska, ska punk, skate punk#['2005']
Trashing Andi#No data#['2003']
Treaty of Paris#deep pop emo#['2008']
Treephort#punk ska#['2003']
Trophy Eyes#alternative emo, anthem emo, deep australian indie, pixie, pop punk#['2015' '2017']
Trust Company#Alternative metal, nu metal, hard rock, post-grunge#['2002']
T.S.O.L.#crossover thrash, hardcore punk, horror punk, oi, punk, ska punk, skate punk#['2008' '2017']
Tsunami Bomb#melodic hardcore, pop punk, power-pop punk, punk, ska punk, skate punk#['2002' '2003' '2005' '2016']
Twilight Creeps#No data#['2017']
Twin Atlantic#alt-indie rock, british alternative rock, pop punk, scottish rock#['2012']
Twiztid#horrorcore, rap metal, rap rock, redneck#['2003']
Underoath#christian metal, dreamo, emo, melodic metalcore, metalcore, pop punk, post-hardcore, progressive post-hardcore, screamo#['2003' '2004' '2005' '2006' '2008']
Unlocking The Truth#No data#['2014']
Unsane#grunge, math rock, mathcore, noise rock, post-doom metal, post-hardcore, post-metal, sludge metal, space rock#['1998']
The Unseen#hardcore punk, melodic hardcore, oi, punk, ska punk, skate punk#['2003' '2005' '2007']
Unwritten Law#emo, pop punk, post-grunge, punk, skate punk#['1996' '1998' '1999' '2011']
Upon a Burning Body#death core, groove metal, melodic metalcore, metalcore, nu metal, post-screamo, rap metal, screamo#['2013']
The Urge#funk rock, ska punk#['1998']
Urinal Mints#No data#['2005']
The Used#alternative metal, emo, metalcore, nu metal, pixie, pop punk, pop rock, post-grunge, post-hardcore, screamo#['2002' '2003' '2004' '2007' '2012' '2013']
Valencia#anthem emo, dreamo, emo, pop emo, pop punk, punk christmas#['2007' '2008']
Valient Thorr#sludge metal, stoner metal, stoner rock#['2004' '2005' '2006' '2017']
Vampires Everywhere!#Industrial metal, horror punk, gothic rock#['2012']
The Vandals#crossover thrash, hardcore punk, heavy christmas, melodic hardcore, pop punk, punk, punk christmas, ska, ska punk, skate punk#['1998' '1999' '2001' '2004' '2007' '2008']
The Vanished#grunge pop#['2005']
Vanna#death core, melodic metalcore, metalcore, post-hardcore, progressive post-hardcore, screamo#['2008' '2012' '2014' '2016']
Vaux#Alternative rock, Post-hardcore#['2003' '2004']
Veara#alternative emo, anthem emo, deep pop punk, pop punk#['2011']
Veil Of Maya#death core, djent, mathcore, melodic metalcore, metalcore, rap metal, screamo#['2016']
Vendetta Red#emo, screamo#['2003']
VersaEmerge#candy pop, pop emo, punk christmas, screamo#['2009' '2010' '2013']
The Vincent Black Shadow#steampunk#['2006' '2007']
Vision of Disorder#alternative metal, groove metal, hardcore, industrial metal, mathcore, metalcore, nu metal, rap metal, rap rock#['1997' '1999']
Volumes#death core, djent, metalcore, rap metal, screamo#['2013' '2014' '2016']
Vonnegutt#soul flow, underground pop rap#['2011']
Voodoo Blue#deep pop emo#['2005']
Wage War#melodic metalcore, metalcore, post-screamo, rap metal, screamo#['2016']
Waka Flocka Flame#crunk, dirty south rap, dwn trap, gangster rap, hip hop, pop rap, rap, southern hip hop, trap music, underground hip hop#['2016']
Wallpaper.#deep australian indie, indie dream pop, vapor soul#['2013']
War on Women#No data#['2017']
Waterparks#anthem emo, pixie, pop emo, pop punk#['2013' '2015' '2016']
Watsky#abstract hip hop, comic, pop rap, underground pop rap#['2014' '2017']
The Waves#new wave pop#['2017']
Wax#underground pop rap#['2014']
We Are The In Crowd#candy pop, emo, pixie, pop emo, pop punk#['2010' '2012' '2014']
We Are The Ocean#british alternative rock, screamo#['2012']
We Came As Romans#emo, melodic metalcore, metalcore, pixie, pop punk, post-screamo, rap metal, screamo#['2011' '2013' '2015']
We the Kings#emo, neo mellow, piano rock, pixie, pop, pop punk, pop rock, post-teen pop, teen pop, viral pop#['2008' '2009' '2010' '2012' '2014' '2016']
weatherPROOF#No data#['2007']
Weerd Science#abstract hip hop#['2011']
Weezer#alternative metal, alternative rock, blues-rock, garage rock, indie christmas, indie pop, indie rock, nu metal, permanent wave, pop christmas, pop punk, pop rock, post-grunge, punk christmas, rock#['2000']
We're Doomed#No genre#['2011']
West Beverly#No data#['2002']
While She Sleeps#melodic metalcore, metalcore, rap metal, screamo#['2013' '2015']
Whitechapel#death core, groove metal, melodic metalcore, metalcore, nu metal, rap metal, screamo#['2010' '2016']
White Kaps#No data#['1997']
The White Noise#Post-hardcore, melodic hardcore, hardcore punk, metalcore#['2017']
Wick-It The Instigator#mashup#['2012']
William Control#electropowerpop, steampunk#['2017']
Wind In Sails#anthem emo#['2014']
Winds Of Plague#death core, melodic metalcore, metalcore#['2011']
Windsor Drive#dreamo, piano rock#2.14679351489e-314
